,strategy2,QQQ
2014-01-02,1.0,1.0
2014-01-03,0.9927811598979653,0.9927811598979653
2014-01-06,0.9891146330511523,0.9891146330511523
2014-01-07,0.9982813849915031,0.9982813849915031
2014-01-08,1.0004586902870423,1.0004586902870423
2014-01-09,0.9971355772342357,0.9971355772342357
2014-01-10,1.0003438969310268,1.0003438969310268
2014-01-13,0.9855625130507388,0.9855625130507387
2014-01-14,1.0043544173362704,1.0043544173362704
2014-01-15,1.0126050448587893,1.012605044858789
2014-01-16,1.0127196449599967,1.0127196449599967
2014-01-17,1.0069900264092357,1.0069900264092357
2014-01-21,1.0146676534257169,1.0146676534257169
2014-01-22,1.017302779361662,1.017302779361662
2014-01-23,1.0138650662076478,1.0138650662076478
2014-01-24,0.9939266777730205,0.9939266777730205
2014-01-27,0.9843018153100518,0.9843018153100518
2014-01-28,0.9837286215492059,0.9837286215492059
2014-01-29,0.9731875380410011,0.9731875380410011
2014-01-30,0.9911767584810598,0.9911767584810597
2014-01-31,0.9885413426629025,0.9885413426629025
2014-02-03,0.9658530349363144,0.9658530349363144
2014-02-04,0.9729575648193537,0.9729575648193536
2014-02-05,0.9704365558475958,0.9704365558475958
2014-02-06,0.9828122072491619,0.9828122072491617
2014-02-07,1.0003438969310268,1.0003438969310268
2014-02-10,1.0060735154817877,1.0060735154817877
2014-02-11,1.0175319795640771,1.0175319795640771
2014-02-12,1.0194802779120093,1.0194802779120093
2014-02-13,1.0270430149450707,1.0270430149450707
2014-02-14,1.029105237002382,1.029105237002382
2014-02-18,1.0341471583184938,1.0341471583184938
2014-02-19,1.0270430149450707,1.0270430149450707
2014-02-20,1.031855446176555,1.031855446176555
2014-02-21,1.030481017981297,1.030481017981297
2014-02-24,1.0359805666830064,1.0359805666830064
2014-02-25,1.034834952180547,1.034834952180547
2014-02-26,1.0339180547434828,1.0339180547434828
2014-02-27,1.040625929132882,1.040625929132882
2014-02-28,1.0394753866328161,1.0394753866328161
2014-03-03,1.0317664523374217,1.0317664523374217
2014-03-04,1.0448833325554827,1.0448833325554827
2014-03-05,1.0477598337467537,1.0477598337467537
2014-03-06,1.0468395543505475,1.0468395543505473
2014-03-07,1.0416615816495283,1.0416615816495283
2014-03-10,1.0425822475553508,1.0425822475553508
2014-03-11,1.0380949675385067,1.0380949675385067
2014-03-12,1.0420069279916158,1.0420069279916158
2014-03-13,1.0272788824383654,1.0272788824383654
2014-03-14,1.0202600610627217,1.0202600610627217
2014-03-17,1.0292352974882384,1.0292352974882382
2014-03-18,1.0416615816495283,1.0416615816495283
2014-03-19,1.0360237591326182,1.0360237591326182
2014-03-20,1.0389003569512933,1.0389003569512933
2014-03-21,1.0263988000422455,1.0263988000422455
2014-03-24,1.017403465116686,1.017403465116686
2014-03-25,1.0207480294531923,1.0207480294531923
2014-03-26,1.0076006149754504,1.0076006149754504
2014-03-27,1.0019497477589931,1.0019497477589931
2014-03-28,1.0039106076694524,1.0039106076694524
2014-03-31,1.0110606490598009,1.0110606490598009
2014-04-01,1.0288207659248485,1.0288207659248485
2014-04-02,1.0314732847935233,1.031473284793523
2014-04-03,1.0232854650836392,1.0232854650836392
2014-04-04,0.996068424183868,0.996068424183868
2014-04-07,0.9869249270815376,0.9866116934039525
2014-04-08,0.997648029117935,0.99572211156774
2014-04-09,1.0174438624324207,1.012790472847168
2014-04-10,0.9840934919310806,0.981422028787043
2014-04-11,0.9724350595696241,0.9700042448418601
2014-04-14,0.97850713623802,0.9776162618509887
2014-04-15,0.9804559264408427,0.9808454530670553
2014-04-16,0.9944969829202458,0.9938774944243572
2014-04-17,0.9939612700604312,0.9941073710186007
2014-04-21,1.0046654123977894,1.0014885451594453
2014-04-22,1.0161626562014214,1.0094461017654697
2014-04-23,1.0038780272369676,1.0005658500781378
2014-04-24,1.0134899194836764,1.010137567468877
2014-04-25,0.9899464575527311,0.9939922877803729
2014-04-28,0.9898752910371234,0.9972212857416313
2014-04-29,1.0009947985728997,1.0051789389750596
2014-04-30,1.0054888281493577,1.007830974706714
2014-05-01,1.0097815929687088,1.010830096073729
2014-05-02,1.008385109571337,1.0089848991659218
2014-05-05,1.0152350196603104,1.0142896470210592
2014-05-06,0.9975210854793004,1.0011424257981254
2014-05-07,0.9919353331325189,0.9982592573159748
2014-05-08,0.9844911847540497,0.9973369487442834
2014-05-09,0.9895286460630167,1.0010270526776854
2014-05-12,1.0080300003728908,1.0175187416097218
2014-05-13,1.0102024413361037,1.0182106904501493
2014-05-14,1.0041948488601027,1.012905942595012
2014-05-15,0.9954231532083199,1.0049482893615838
2014-05-16,1.0021931997886708,1.0115217550319446
2014-05-19,1.0101521968464828,1.0185566165566613
2014-05-20,1.006940042680548,1.014866319368451
2014-05-21,1.0184460549380212,1.0245536997618425
2014-05-22,1.0235749619808037,1.0290513189109203
2014-05-23,1.0323817860493405,1.0365474796625886
2014-05-27,1.0460258500107997,1.0494638580172386
2014-05-28,1.0428912136740456,1.04623486005598
2014-05-29,1.0494152116769402,1.052924085356397
2014-05-30,1.0482687314567194,1.0530389753398168
2014-06-02,1.0458891475044354,1.0520011970202814
2014-06-03,1.045115821995857,1.0515400910481378
2014-06-04,1.0485705477530867,1.0554608445950158
2014-06-05,1.059269433264825,1.0643413861645596
2014-06-06,1.0651016420736827,1.0704530694709484
2014-06-09,1.0637320984667578,1.069645844137485
2014-06-10,1.0678755854535307,1.0714912343001002
2014-06-11,1.0686362038025612,1.0712604880592203
2014-06-12,1.0574365124596343,1.0615732042932329
2014-06-13,1.061014539834286,1.0646869257614553
2014-06-16,1.0660748527541208,1.065609524215359
2014-06-17,1.0681254552300323,1.0661862931901547
2014-06-18,1.0745401605548042,1.0721830865131239
2014-06-19,1.071868354234285,1.0714912343001002
2014-06-20,1.0730775424772387,1.0727514489037668
2014-06-23,1.0763269751666764,1.0729828715364753
2014-06-24,1.074149000142378,1.0719426775318386
2014-06-25,1.0830094165914064,1.078764572258021
2014-06-26,1.0826510581175075,1.0793426940164736
2014-06-27,1.0877460825834935,1.0840842007333826
2014-06-30,1.0893174680664088,1.0859344222662006
2014-07-01,1.101207725436257,1.0978447160898446
2014-07-02,1.0989827603796356,1.0996946477404503
2014-07-03,1.1054113947327262,1.1066327852337092
2014-07-07,1.0995038115401154,1.1032792345486258
2014-07-08,1.0836238474347641,1.0899816610849846
2014-07-09,1.0943443650028104,1.0980760420951488
2014-07-10,1.090133238984484,1.0946069250348174
2014-07-11,1.0999193186529754,1.1016606289033244
2014-07-14,1.1103411133288015,1.108251874016031
2014-07-15,1.1046227434754747,1.1044357679477432
2014-07-16,1.1084349353953722,1.1088298991470795
2014-07-17,1.0939050182050603,1.0941441763968047
2014-07-18,1.1124705853437153,1.1114899549532704
2014-07-21,1.112444396734051,1.1101016124118288
2014-07-22,1.118263272996216,1.1171561859269723
2014-07-23,1.1264067595997316,1.1243251662885154
2014-07-24,1.1288867854268623,1.1230528732593419
2014-07-25,1.1195675693695726,1.1186593218244298
2014-07-28,1.1196255208224741,1.1190058276953658
2014-07-29,1.1178219589237588,1.117040233042108
2014-07-30,1.123134084448428,1.1214346541236566
2014-07-31,1.0997348513367844,1.0987696336014454
2014-08-01,1.097522553954508,1.0947223947826612
2014-08-04,1.1066194076531277,1.1022384607795648
2014-08-05,1.0987384743349873,1.0937970907614443
2014-08-06,1.1007366113010641,1.0929881261347076
2014-08-07,1.0980340145317402,1.08951862256476
2014-08-08,1.1049859091205598,1.0973817741970238
2014-08-11,1.1137747729823635,1.1038575495618865
2014-08-12,1.1134815559460323,1.1033952840608943
2014-08-13,1.1258193028100525,1.1150742518792338
2014-08-14,1.1324644944088644,1.1208560492281838
2014-08-15,1.137771415503792,1.1262910508239854
2014-08-18,1.1462752589111485,1.1349638434748142
2014-08-19,1.1525021302121052,1.1413238592096207
2014-08-20,1.1526023517000454,1.1413238592096207
2014-08-21,1.154390638002737,1.1436367327530472
2014-08-22,1.1558597486451196,1.1453709047735967
2014-08-25,1.160137789335642,1.1494178537101685
2014-08-26,1.1624575100415102,1.150574387109286
2014-08-27,1.1628888815467406,1.1508058097419942
2014-08-28,1.1611747666995884,1.1495338065950331
2014-08-29,1.1651500446432967,1.153811984909505
2014-09-02,1.1688996952819477,1.1571656322219925
2014-09-03,1.1617982244101428,1.15034325435879
2014-09-04,1.1618660928430116,1.1493025772171328
2014-09-05,1.1675090460348694,1.1550843745660826
2014-09-08,1.1690051834091164,1.1572813918520488
2014-09-09,1.1578067527221771,1.1476836816896192
2014-09-10,1.1671958946956362,1.1571656322219925
2014-09-11,1.1661787119119733,1.1562405214555838
2014-09-12,1.1605939960907905,1.15034325435879
2014-09-15,1.1487611536988245,1.1392421184166903
2014-09-16,1.1589496278717941,1.1491867209596724
2014-09-17,1.1600429813131485,1.1509213761172423
2014-09-18,1.168562054750787,1.159593975513263
2014-09-19,1.1688434159153094,1.1588753575093165
2014-09-22,1.1573945650364617,1.1480956043130994
2014-09-23,1.1542420755273963,1.1449662292054203
2014-09-24,1.166798793222774,1.157252693513045
2014-09-25,1.1423525468982179,1.1329110909031
2014-09-26,1.1541773159416093,1.1449662292054203
2014-09-29,1.1525093676404117,1.1434591315843967
2014-09-30,1.154170335578975,1.1450820854628803
2014-10-01,1.1357383790580584,1.126768196945202
2014-10-02,1.1358848586533938,1.126768196945202
2014-10-03,1.1472850118153357,1.1378955189137998
2014-10-06,1.1448539788671903,1.135461377978286
2014-10-07,1.128509017646371,1.1193496279989885
2014-10-08,1.1504094936268892,1.1411413300433635
2014-10-09,1.1315030709432832,1.1227111987586085
2014-10-10,1.1038346689269178,1.0946612296358953
2014-10-13,1.0865264282108347,1.0775060003202233
2014-10-14,1.0875165937038576,1.0776218565776834
2014-10-15,1.0814373887208026,1.0706674856805434
2014-10-16,1.0740018987342905,1.0639443441613037
2014-10-17,1.0872161869412271,1.0779698118596803
2014-10-20,1.1030631147037053,1.0940811753293618
2014-10-21,1.1319238654863883,1.1228269583886645
2014-10-22,1.1252371166719797,1.1170319230853594
2014-10-23,1.1416461998642877,1.1338388106094184
2014-10-24,1.14608305895177,1.143111756066824
2014-10-27,1.1439906195306508,1.1439227498690456
2014-10-28,1.165748313649854,1.161193545559966
2014-10-29,1.1604717957480943,1.156904931485856
2014-10-30,1.163595370684182,1.1593388791665615
2014-10-31,1.1799376639942636,1.1753345796335906
2014-11-03,1.183371491725235,1.1788117167684589
2014-11-04,1.1784354093041367,1.1748711546037496
2014-11-05,1.175646179085641,1.1749872041160183
2014-11-06,1.1815343250075279,1.1786960537658064
2014-11-07,1.1808305065431641,1.1776528643116442
2014-11-10,1.185872802700759,1.181825622128294
2014-11-11,1.1925408049078723,1.1855350515425067
2014-11-12,1.1938913933742388,1.1876208506864072
2014-11-13,1.1999490769621497,1.1927214248367795
2014-11-14,1.206776515188659,1.19643056436878
2014-11-17,1.201619074620978,1.1928367979572192
2014-11-18,1.210967656497901,1.2017623678970524
2014-11-19,1.2038266955828687,1.1963144182291077
2014-11-20,1.2095517196579073,1.2016460285025719
2014-11-21,1.2105593219833792,1.2039649895724538
2014-11-24,1.2205585246390545,1.2133535014051073
2014-11-25,1.222492579715449,1.2152079745437034
2014-11-26,1.2295553376158403,1.2230897752649499
2014-11-28,1.2345806419578447,1.228769437447815
2014-12-01,1.216801964097701,1.214860502398727
2014-12-02,1.2212488021063246,1.2197284943875422
2014-12-03,1.221233941916854,1.2219306329259234
2014-12-04,1.2205237309968453,1.22135106175641
2014-12-05,1.2188614368154638,1.2214672078960824
2014-12-08,1.2077296283599477,1.212773930235594
2014-12-09,1.2127415098665477,1.2165988293976508
2014-12-10,1.1925269444656372,1.1974736571955384
2014-12-11,1.1977206140288315,1.2031530294961914
2014-12-12,1.1852872150442562,1.1900554747589414
2014-12-15,1.173147507617895,1.1777691070787206
2014-12-16,1.152672109490216,1.1588753575093165
2014-12-17,1.1757669652312537,1.1799711489896978
2014-12-18,1.2067699504442806,1.2083695565314279
2014-12-19,1.2122494810066047,1.2136863828120719
2014-12-22,1.2176530051627188,1.2167113036959691
2014-12-23,1.213023949738506,1.212406069708362
2014-12-24,1.214114475802008,1.2134534141408988
2014-12-26,1.225455429022333,1.2220628192146685
2014-12-29,1.2245840947505238,1.2218302370531116
2014-12-30,1.215420814435347,1.2136863828120719
2014-12-31,1.204763915788187,1.201237294583425
2015-01-02,1.199711401138581,1.1976308699819334
2015-01-05,1.1786339079768329,1.180063234905761
2015-01-06,1.1645278951614,1.1642404974919873
2015-01-07,1.1778070308204622,1.179248569262185
2015-01-08,1.1974550952290743,1.201819378065444
2015-01-09,1.1879606380463255,1.1939078161037493
2015-01-12,1.1739764608517116,1.1814593076395266
2015-01-13,1.175276060676209,1.1811102894560852
2015-01-14,1.163253335341047,1.1745948968555604
2015-01-15,1.1486680578800177,1.1593542429238062
2015-01-16,1.1616583627390609,1.1729665318424498
2015-01-20,1.1688947303516444,1.1822735867734862
2015-01-21,1.1778022757175481,1.1883231386590687
2015-01-22,1.2015172952275193,1.2103124437447332
2015-01-23,1.2039731331358754,1.2129879599355726
2015-01-26,1.2051502839341939,1.2115917905744027
2015-01-27,1.1772456744575792,1.180179284418029
2015-01-28,1.1680537880333426,1.1741295392776387
2015-01-29,1.1821310193208519,1.185415136934076
2015-01-30,1.1799247813869815,1.176223841633096
2015-02-02,1.194221022407268,1.1864619982295928
2015-02-03,1.2078910936855989,1.197863645398299
2015-02-04,1.2072722305211228,1.196816397593166
2015-02-05,1.218932758626197,1.2071708935841432
2015-02-06,1.2107215022224371,1.1998410285948509
2015-02-09,1.2068935833068375,1.1960020218318022
2015-02-10,1.222725430854899,1.214617001340512
2015-02-11,1.2250154778015725,1.219037705075963
2015-02-12,1.2323075512876929,1.2332317875944134
2015-02-13,1.2426518868281184,1.2438189623743516
2015-02-17,1.2429799486813564,1.2449823563191569
2015-02-18,1.2442292152301757,1.2467272539815564
2015-02-19,1.2542934660694796,1.2528937250260435
2015-02-20,1.2651318590535543,1.2612701614286401
2015-02-23,1.2604853409507313,1.2625497981405216
2015-02-24,1.2593285947099584,1.2634807065511737
2015-02-25,1.2574723236814855,1.260339639527604
2015-02-26,1.264744372761796,1.2667384028514361
2015-02-27,1.2571491165856714,1.2611542085437757
2015-03-02,1.2646473009158015,1.2725555658302696
2015-03-03,1.2605457352096032,1.2666219668295513
2015-03-04,1.2575666405983368,1.261735808888774
2015-03-05,1.2592998405632732,1.2639460641290958
2015-03-06,1.2421376703761178,1.249635835470973
2015-03-09,1.2434197079582503,1.2532427432094853
2015-03-10,1.2216129917562661,1.229974091294151
2015-03-11,1.2168183919075635,1.2228773882308401
2015-03-12,1.223546646014682,1.230904709822591
2015-03-13,1.2170817468811541,1.2255527111668716
2015-03-16,1.234928935648349,1.241375448580645
2015-03-17,1.235900965773527,1.2433535081690257
2015-03-18,1.2501455074755266,1.2555696277264992
2015-03-19,1.248763096631489,1.2574308647833792
2015-03-20,1.257903495598303,1.265569887654216
2015-03-23,1.2560923607076442,1.2631212526080946
2015-03-24,1.25311837589287,1.2585731939541007
2015-03-25,1.22378325397227,1.2297708838634265
2015-03-26,1.2175241127264058,1.225573389431339
2015-03-27,1.2193672206675972,1.2304706595235824
2015-03-30,1.2351553087697378,1.244580966082718
2015-03-31,1.2224214312780681,1.2314035971097195
2015-04-01,1.2159645670029104,1.2249897599108557
2015-04-02,1.2187956215315325,1.2258063581025123
2015-04-06,1.2346548924832652,1.2358349298596167
2015-04-07,1.232514942898897,1.2337357961339568
2015-04-08,1.2443858619751236,1.2435313992198882
2015-04-09,1.2527900970916774,1.251344014719832
2015-04-10,1.2575194700480723,1.256474543365461
2015-04-13,1.2541561288123138,1.2533261326591834
2015-04-14,1.2502184692969915,1.2497113014735388
2015-04-15,1.2569127905099085,1.257523916973483
2015-04-16,1.255197992835563,1.2557751542149214
2015-04-17,1.2366965671106724,1.2361845278074826
2015-04-20,1.2540632760481127,1.2547255873520915
2015-04-21,1.2611648790636574,1.2600895678059134
2015-04-22,1.2722474890957005,1.2669696322293362
2015-04-23,1.2759613422518599,1.2717505629270993
2015-04-24,1.2992855766698441,1.2890087970554926
2015-04-27,1.3032857794840667,1.2857437570725219
2015-04-28,1.300361365903562,1.2831785893771117
2015-04-29,1.294028542771538,1.2751323288141663
2015-04-30,1.272210920645866,1.2550749920451492
2015-05-01,1.287395187186056,1.2716342235326186
2015-05-04,1.2917099719123215,1.2737329707486624
2015-05-05,1.273964687565032,1.2529764380839135
2015-05-06,1.2647028257306545,1.2443474176471208
2015-05-07,1.2749474995330627,1.2518101453169868
2015-05-08,1.2891846770693962,1.267436052708703
2015-05-11,1.2862260244583514,1.262538106224631
2015-05-12,1.2837825710674189,1.256824334568135
2015-05-13,1.2853047916808773,1.2593897921457575
2015-05-14,1.3027019137839484,1.2778143190410773
2015-05-15,1.305229516303246,1.2778143190410773
2015-05-18,1.310317781789064,1.283411751303093
2015-05-19,1.3081750160632584,1.282012199982781
2015-05-20,1.307436577615432,1.2828287981744377
2015-05-21,1.314213060439191,1.2894757006718796
2015-05-22,1.314160819298902,1.288192585373452
2015-05-26,1.3004273138468354,1.2733828896637762
2015-05-27,1.3192443004479877,1.2939068401669682
2015-05-28,1.3187128980234193,1.2909915913866719
2015-05-29,1.3113042823749015,1.2832955085360165
2015-06-01,1.314542990468,1.2876095356173927
2015-06-02,1.3102113403532356,1.2835281873249775
2015-06-03,1.3140841010749598,1.2873767602010275
2015-06-04,1.3034583933422415,1.277581060487692
2015-06-05,1.3023933714846518,1.274549182430703
2015-06-08,1.294329081572023,1.2616057484029182
2015-06-09,1.2922483445124555,1.2595067113046623
2015-06-10,1.305258359962676,1.2767648488056516
2015-06-11,1.3073490356173445,1.278630627350522
2015-06-12,1.2973351338681676,1.268136021623667
2015-06-15,1.2913913434344506,1.2618387170740915
2015-06-16,1.299165400676328,1.268718491615302
2015-06-17,1.3062632198426531,1.272217176661274
2015-06-18,1.3240659021077457,1.2907582362058827
2015-06-19,1.3185404681420303,1.2843763826777599
2015-06-22,1.325777449102509,1.2938438390995253
2015-06-23,1.330944692473989,1.2948957250200526
2015-06-24,1.323498282370228,1.2882335553927704
2015-06-25,1.3230691437506386,1.2856622035435008
2015-06-26,1.3143333003061772,1.2771299071381657
2015-06-29,1.2839599894223759,1.2469757796647822
2015-06-30,1.2913627502542775,1.2514169684098926
2015-07-01,1.3009535576115963,1.261351714957661
2015-07-02,1.307071483178436,1.2617020859247596
2015-07-06,1.3042306053290003,1.2587804597357954
2015-07-07,1.300812595539237,1.261936117497377
2015-07-08,1.2737598452996586,1.2399625626785735
2015-07-09,1.27469526338451,1.2392618207443769
2015-07-10,1.2927252259405424,1.2581958639412714
2015-07-13,1.3146003104955253,1.2802858547819596
2015-07-14,1.324183295117195,1.2887011354009856
2015-07-15,1.3241315774783768,1.2901033922886116
2015-07-16,1.3427504368466199,1.3083367901787133
2015-07-17,1.364702053022248,1.3276219773619387
2015-07-20,1.3729366919559234,1.3321794088741254
2015-07-21,1.3639262702235555,1.3313616511536204
2015-07-22,1.3506778886871438,1.3162844907895241
2015-07-23,1.3458160112432667,1.311375432153986
2015-07-24,1.3330639990903719,1.2985186729076377
2015-07-27,1.316584643171071,1.2877656855023432
2015-07-28,1.3330714178458467,1.29886962363916
2015-07-29,1.3370426758453593,1.3037785856472939
2015-07-30,1.3443104690643437,1.3099729820115527
2015-07-31,1.3425749211142668,1.3084535160828104
2015-08-03,1.3355364098622924,1.3043627949322019
2015-08-04,1.3366384335459875,1.301908458869241
2015-08-05,1.3479146873168735,1.3119598346937023
2015-08-06,1.3158120008761853,1.2909218264009452
2015-08-07,1.312380253629172,1.2892856345681059
2015-08-10,1.3251630678954154,1.3040123273376996
2015-08-11,1.307815751484354,1.287298298748936
2015-08-12,1.312318075018724,1.2917399706310666
2015-08-13,1.3127017576745583,1.2896360055352043
2015-08-14,1.3148663619058336,1.291623051472162
2015-08-17,1.3310469119021222,1.3023758456226484
2015-08-18,1.3279894211288252,1.295713965877578
2015-08-19,1.317243139167017,1.287181572844839
2015-08-20,1.277562697937476,1.2515336943139892
2015-08-21,1.2212859319983258,1.1968346601725324
2015-08-24,1.172684021474629,1.1507843584582944
2015-08-25,1.1699071977821862,1.1464597989898764
2015-08-26,1.2258944569634518,1.2041977649888185
2015-08-27,1.263847341983048,1.2347032297033413
2015-08-28,1.266782768745025,1.2344695846403397
2015-08-31,1.253521279405384,1.219158585958434
2015-09-01,1.2120719389752215,1.1810561781098152
2015-09-02,1.2483986764406634,1.214366349854397
2015-09-03,1.2409823525281634,1.2084058884353523
2015-09-04,1.2259566639605528,1.1940297598876648
2015-09-08,1.2601852400160465,1.227690689108961
2015-09-09,1.2473989363727276,1.2138989631009898
2015-09-10,1.2599915522007286,1.2271059000596287
2015-09-11,1.2677379298196971,1.2338851821006238
2015-09-14,1.2666949376838652,1.230144928544518
2015-09-15,1.2800097490969717,1.244638072878514
2015-09-16,1.2907896627974402,1.25165051684549
2015-09-17,1.2896831600453291,1.2521181934811094
2015-09-18,1.273208620244615,1.234309473031823
2015-09-21,1.2794690381992317,1.2381756320954107
2015-09-22,1.2606585044322698,1.2196643337912505
2015-09-23,1.262057489464223,1.22060113647355
2015-09-24,1.2596844207913191,1.2161493187139933
2015-09-25,1.2472725033523169,1.2058389814466686
2015-09-28,1.2117084633313695,1.1715101636085543
2015-09-29,1.2035575609765363,1.1654179990377842
2015-09-30,1.228448128802044,1.1922478539295127
2015-10-01,1.2281661561259072,1.197637150763197
2015-10-02,1.2508976407440495,1.2186095490486017
2015-10-05,1.2654977163357,1.2360672221389617
2015-10-06,1.258220621192027,1.2302085093763853
2015-10-07,1.2592506110293251,1.2375899733994422
2015-10-08,1.2599930932339714,1.2425106273234663
2015-10-09,1.2631413350422411,1.2481345354941926
2015-10-12,1.2627610369362305,1.251181004289194
2015-10-13,1.257819659103914,1.2430965759016472
2015-10-14,1.253931248001847,1.2411047952218905
2015-10-15,1.2748999091568447,1.2614913415565188
2015-10-16,1.2820424655504286,1.266763622603894
2015-10-19,1.2893115144275378,1.2740276843310259
2015-10-20,1.27674921010885,1.267466683595788
2015-10-21,1.2684737525886278,1.259733495821976
2015-10-22,1.2925699304108722,1.2853925164587874
2015-10-23,1.3243756704417384,1.3213611979710953
2015-10-26,1.3262157456162635,1.3221811781218937
2015-10-27,1.3255184409889262,1.3248765995579683
2015-10-28,1.339138208516288,1.3358892247979546
2015-10-29,1.3373180669128404,1.3337807182141015
2015-10-30,1.3290476413283936,1.3278054728022364
2015-11-02,1.346658070607586,1.3428022391661596
2015-11-03,1.3486089832010744,1.3474885716353542
2015-11-04,1.3608004423131397,1.347605684049067
2015-11-05,1.3574079949408402,1.3439741363225215
2015-11-06,1.35861463133755,1.3449111322596292
2015-11-09,1.3421978807578188,1.3306169437505793
2015-11-10,1.3323750133791694,1.3272196208514595
2015-11-11,1.331952391884325,1.32557937066765
2015-11-12,1.3172863272587372,1.3126916906520043
2015-11-13,1.2899509045962727,1.2869155576014797
2015-11-16,1.3108416678991253,1.305427242415256
2015-11-17,1.3111072121057672,1.3062472225660546
2015-11-18,1.3386626403720014,1.3313201013698772
2015-11-19,1.3407151474254178,1.3322574838166006
2015-11-20,1.347876066869868,1.341278908141255
2015-11-23,1.3424350238686358,1.3374125558228591
2015-11-24,1.3423316822407751,1.3362411418035174
2015-11-25,1.3489352331680775,1.3374125558228591
2015-11-27,1.3514846262873423,1.3392870308340945
2015-11-30,1.3480998222908458,1.3358892247979546
2015-12-01,1.3628231895901695,1.3492464173698966
2015-12-02,1.3522354657619107,1.3409276675275201
2015-12-03,1.332303724522624,1.318197906644593
2015-12-04,1.359953478979713,1.3490118060328546
2015-12-07,1.3546450369406962,1.3429193515798723
2015-12-08,1.352366533930394,1.3430366572483938
2015-12-09,1.3320347854497914,1.3226501109137658
2015-12-10,1.338887299879207,1.3286255495804389
2015-12-11,1.3053190316315049,1.2980463581566235
2015-12-14,1.3142804032703503,1.3078878592594805
2015-12-15,1.3213871899607763,1.315854885351102
2015-12-16,1.3459857129606223,1.3354207751431029
2015-12-17,1.3271853010103054,1.3159719011374107
2015-12-18,1.3020607970488707,1.29072837833803
2015-12-21,1.3163486107447695,1.3050657592966914
2015-12-22,1.3223347571644508,1.3136447267381846
2015-12-23,1.3314433279674915,1.3233992631773932
2015-12-24,1.331372135218884,1.3231639754485227
2015-12-28,1.3292064272037607,1.3224590785359516
2015-12-29,1.3527242249016127,1.3432601564339692
2015-12-30,1.3419025399864903,1.3311553516459655
2015-12-31,1.3273893025069405,1.3145851046344341
2016-01-04,1.2945519188889203,1.2868500442215314
2016-01-05,1.291119819706186,1.2846170815412574
2016-01-06,1.2769368415506426,1.2722774721614034
2016-01-07,1.2381752367693453,1.2324382833523255
2016-01-08,1.2272276606932002,1.2223314433979373
2016-01-11,1.229703651024918,1.2260920853362984
2016-01-12,1.243974762437605,1.2403122572538434
2016-01-13,1.2002825611122998,1.1975348223423044
2016-01-14,1.2267305923620446,1.2230368234475286
2016-01-15,1.1918335628552523,1.185077617411717
2016-01-19,1.1936617474729814,1.1876628836071708
2016-01-20,1.1873686006059987,1.1840199338469466
2016-01-21,1.188784419251768,1.1851950197076422
2016-01-22,1.222824234565589,1.2195110827284215
2016-01-25,1.2027187275489113,1.2014131564588026
2016-01-26,1.2108992011265407,1.2122249899531659
2016-01-27,1.1780440612876684,1.1820217757585227
2016-01-28,1.1937589151049675,1.1987101014578079
2016-01-29,1.2181087191199067,1.2237419136149077
2016-02-01,1.2235015431237442,1.2270322699777398
2016-02-02,1.1918190261844785,1.2004725853077451
2016-02-03,1.1809530329335205,1.1947141717905765
2016-02-04,1.1828458996265987,1.1945967694946513
2016-02-05,1.136998611592357,1.1531119193671369
2016-02-08,1.1078870117416877,1.1354840854182386
2016-02-09,1.105501899310779,1.1319581514443235
2016-02-10,1.105699434713475,1.1363063846267347
2016-02-11,1.1129639359316794,1.1346611098179145
2016-02-12,1.126851595127142,1.1519365436242293
2016-02-16,1.1552409408853754,1.1779086370501741
2016-02-17,1.19021616059204,1.2045862071531142
2016-02-18,1.1813485676716997,1.190835837674078
2016-02-19,1.1864793503000723,1.1943614817657808
2016-02-22,1.2175976528916737,1.2137528624660607
2016-02-23,1.2012068705970766,1.193774277031347
2016-02-24,1.211947500567111,1.2051734118875477
2016-02-25,1.2281144123466623,1.2170429289466809
2016-02-26,1.2293127782606257,1.215515056433786
2016-02-29,1.2222266466684757,1.2045862071531142
2016-03-01,1.25429779728535,1.2432503101014964
2016-03-02,1.257166207233686,1.243720112540005
2016-03-03,1.2613248144257305,1.2413697475638057
2016-03-04,1.2664470127724465,1.2418401297667385
2016-03-07,1.2612293489912272,1.2342007672022628
2016-03-08,1.2496871739077222,1.2239767182067578
2016-03-09,1.2601954776349225,1.2318508853630836
2016-03-10,1.2556114489964565,1.229970322825393
2016-03-11,1.2762287634450142,1.2514763942633855
2016-03-14,1.285558227840038,1.2535918580203307
2016-03-15,1.2897096841876732,1.253121862327014
2016-03-16,1.302613101286191,1.2642862892187685
2016-03-17,1.3020666479918657,1.2635811990513894
2016-03-18,1.3095755216345415,1.2655614810700635
2016-03-21,1.3185193272019604,1.2705117996071322
2016-03-22,1.319658033355263,1.274401632384713
2016-03-23,1.3034325481247113,1.2639113748910404
2016-03-24,1.3109551170850198,1.2642650311898767
2016-03-28,1.3109241276945904,1.2624969429505042
2016-03-29,1.3300971453379424,1.2827704352223894
2016-03-30,1.3339341284630966,1.289017203639645
2016-03-31,1.3336539364243802,1.2871313265947315
2016-04-01,1.3521576518698173,1.3008041042683127
2016-04-04,1.3563236303826982,1.29585417224086
2016-04-05,1.3524023160791039,1.2833596691323081
2016-04-06,1.3807396203414126,1.3044583594348107
2016-04-07,1.3560923252395047,1.2857167980267912
2016-04-08,1.3498863142553232,1.2847741010728444
2016-04-11,1.3468277077557855,1.280059263519454
2016-04-12,1.3552010672269459,1.2907851952516132
2016-04-13,1.3766380936874838,1.307286933433671
2016-04-14,1.3757211893364794,1.3074051087488285
2016-04-15,1.3755127952056134,1.3041045098811666
2016-04-18,1.380759488061078,1.3110591706605188
2016-04-19,1.3671970984023776,1.3030438308668706
2016-04-20,1.3715233157348536,1.3041045098811666
2016-04-21,1.3690170502412624,1.304222685196324
2016-04-22,1.3570182241630253,1.284538330206954
2016-04-25,1.3562385625506201,1.284538330206954
2016-04-26,1.3508966041867958,1.2782910786526778
2016-04-27,1.3353905268548552,1.2680363021426837
2016-04-28,1.3181932559342715,1.2527134182900794
2016-04-29,1.3194505093113826,1.2461128969465838
2016-05-02,1.334283925359027,1.2579001840848674
2016-05-03,1.3155227141930972,1.2462309756343373
2016-05-04,1.3004148063477936,1.238215829095497
2016-05-05,1.2875710932377262,1.2378621727966608
2016-05-06,1.2983807140228123,1.2444628873949648
2016-05-09,1.2969779020764038,1.2479991605011136
2016-05-10,1.3147592774189383,1.26509013259309
2016-05-11,1.3047426220262455,1.2536567916358545
2016-05-12,1.297291619168334,1.2481168526792508
2016-05-13,1.2941433302541436,1.24351999718621
2016-05-16,1.3115282854260917,1.2590786519047048
2016-05-17,1.2951983867802757,1.2432841296929151
2016-05-18,1.3059111351349006,1.2477632930078189
2016-05-19,1.3038317634118073,1.2412804638424602
2016-05-20,1.3205538250892936,1.2549529516338294
2016-05-23,1.3172188909727425,1.2533032319644228
2016-05-24,1.3406750689588889,1.2784091573404315
2016-05-25,1.3517236189969268,1.2876026750717047
2016-05-26,1.360652134429867,1.2913747190437443
2016-05-27,1.3641058740669227,1.2980930291927815
2016-05-31,1.365616721924043,1.3005685266572298
2016-06-01,1.3606567782555976,1.3006864120901753
2016-06-02,1.3613344405713166,1.3033974871657066
2016-06-03,1.3567227805567053,1.29726821767178
2016-06-06,1.3629018661068395,1.3019830552251703
2016-06-07,1.3710774816053153,1.2986825529849124
2016-06-08,1.3755577978256834,1.3009220863286621
2016-06-09,1.3693440343508472,1.2988005350452616
2016-06-10,1.3471776166495026,1.2840670783573844
2016-06-13,1.3358646058243686,1.2733407601156088
2016-06-14,1.3334508708957244,1.2733407601156088
2016-06-15,1.332536135534066,1.2696871813409392
2016-06-16,1.336283989822023,1.2734588388033623
2016-06-17,1.3193094786052668,1.2585322239347818
2016-06-20,1.3290723686125359,1.26645006667774
2016-06-21,1.3332532689862944,1.2704687037849245
2016-06-22,1.3100694692012098,1.2673957590812126
2016-06-23,1.324999850396849,1.2854776452017587
2016-06-24,1.2763287217278747,1.2325317220520453
2016-06-27,1.2597878208576203,1.2080680790307807
2016-06-28,1.2858082982144177,1.2345408956645314
2016-06-29,1.3117428562251974,1.256404488497522
2016-06-30,1.3267576759923783,1.2709413084181505
2016-07-01,1.3359584481578994,1.2773233552010812
2016-07-05,1.3263351546924318,1.269523108008856
2016-07-06,1.3357507915744136,1.279923502016759
2016-07-07,1.3406276523334546,1.2837049188469916
2016-07-08,1.3581920960931846,1.3035599178319206
2016-07-11,1.371592779246358,1.3110054458238651
2016-07-12,1.3773358714529906,1.3176234567274945
2016-07-13,1.3722021525075367,1.3144327232182411
2016-07-14,1.3809832828774473,1.3234144336798295
2016-07-15,1.3782733813989203,1.3212876645166105
2016-07-18,1.391786197310566,1.3300331209752876
2016-07-19,1.3870920319045608,1.3251870634071925
2016-07-20,1.4023161068902923,1.340669672358697
2016-07-21,1.3922344739149366,1.3375964377727732
2016-07-22,1.3972375437793056,1.343150967467389
2016-07-25,1.4024555821039302,1.3432695292921628
2016-07-26,1.4023736890087688,1.3448060016440189
2016-07-27,1.4170695680599963,1.3541425279332913
2016-07-28,1.4245192377601952,1.3588697337944007
2016-07-29,1.430401618940213,1.3618239234185305
2016-08-01,1.4343256883753626,1.3690332940349679
2016-08-02,1.421500994566245,1.3586331899092774
2016-08-03,1.4255416073684226,1.3631240451400715
2016-08-04,1.4337600382829498,1.367024217049886
2016-08-05,1.4458265598162299,1.3801423534241999
2016-08-08,1.4423417850873606,1.3786061709545563
2016-08-09,1.448042269135628,1.3817968078364051
2016-08-10,1.4411260239864565,1.3782513551268714
2016-08-11,1.4451029949440906,1.384160604021768
2016-08-12,1.4468021934288928,1.3851061997978362
2016-08-15,1.4531992582299234,1.3910151588105206
2016-08-16,1.4451832324322713,1.3833334734430691
2016-08-17,1.4466311838832115,1.3858154449435893
2016-08-18,1.4469705070911338,1.386169970889062
2016-08-19,1.4483674245309732,1.3858154449435893
2016-08-22,1.4462822802800193,1.386878829525199
2016-08-23,1.4503945803229499,1.3893608010257195
2016-08-24,1.440189956521182,1.3803789939367272
2016-08-25,1.4363310747650284,1.3781335663213299
2016-08-26,1.4362590251354466,1.3801423534241999
2016-08-29,1.433384450416558,1.3820331584667203
2016-08-30,1.4253200906453465,1.3775422066085221
2016-08-31,1.424909053980949,1.376124392708844
2016-09-01,1.418638877179987,1.3796697487909737
2016-09-02,1.4208899006314466,1.384160604021768
2016-09-06,1.432202579981033,1.3927879817926914
2016-09-07,1.4327347349779576,1.3936154988810066
2016-09-08,1.418679187760776,1.3854609189981169
2016-09-09,1.3851580242482489,1.3505967853415457
2016-09-12,1.4109062560402728,1.374824270987303
2016-09-13,1.402369123755856,1.362533458446496
2016-09-14,1.4128564318288634,1.3690332940349679
2016-09-15,1.43834376694064,1.3903061069195752
2016-09-16,1.4413636966811723,1.3896426631633434
2016-09-19,1.4356205012921044,1.3836006482152774
2016-09-20,1.436189002341688,1.3862069791848144
2016-09-21,1.4475615973375469,1.3998323128030055
2016-09-22,1.4589216048402107,1.4109686211201802
2016-09-23,1.4501399074339674,1.4019645897282556
2016-09-26,1.4423492221169012,1.390235182405
2016-09-27,1.4507963308551282,1.4039787879657526
2016-09-28,1.4542160696127318,1.4063484784227622
2016-09-29,1.4388516606109683,1.3961593119201208
2016-09-30,1.4512553570263496,1.4065854088175018
2016-10-03,1.4574930564970476,1.4045712105800048
2016-10-04,1.4543927241104513,1.4024387403999465
2016-10-05,1.4558289283605004,1.4074144719442816
2016-10-06,1.4497691321612411,1.4067038740148716
2016-10-07,1.4436532726995952,1.4036231991188355
2016-10-10,1.4571773260040255,1.4125094417052189
2016-10-11,1.4406595738786265,1.3923679424672706
2016-10-12,1.442312455184489,1.3911830006113617
2016-10-13,1.4367463825421678,1.3862069791848144
2016-10-14,1.4356251839793241,1.3878655885753943
2016-10-17,1.4302404579349155,1.384074315749948
2016-10-18,1.4445191999270937,1.396396049060052
2016-10-19,1.4479062055814893,1.3962774872352783
2016-10-20,1.4425653049075533,1.3946190710995068
2016-10-21,1.4470055090096534,1.3998323128030055
2016-10-24,1.4641726018085075,1.416655916867966
2016-10-25,1.4609863603247293,1.4121539494857054
2016-10-26,1.449765241510462,1.4025572055973163
2016-10-27,1.4447700972264865,1.3961593119201208
2016-10-28,1.4332077341504776,1.3873914379037033
2016-10-31,1.429954414133038,1.3860883207326369
2016-11-01,1.4128262667372113,1.3756621272078515
2016-11-02,1.4017072119134233,1.364643607696218
2016-11-03,1.3889222697713843,1.351255397727575
2016-11-04,1.3866119209381218,1.346516499950575
2016-11-07,1.4165663774675141,1.3785055818269363
2016-11-08,1.4261396303789873,1.3875103862380933
2016-11-09,1.4267068427439282,1.3939076035234603
2016-11-10,1.4005167345580745,1.3713969935929264
2016-11-11,1.404662159353328,1.3719895128345834
2016-11-14,1.3837477128320586,1.358127442076461
2016-11-15,1.4026807225345124,1.3769656308885343
2016-11-16,1.4131247034324064,1.3851406957810832
2016-11-17,1.425294756418199,1.3952113004589513
2016-11-18,1.4180597804011348,1.3899980587554526
2016-11-21,1.431354176533509,1.4044527453826354
2016-11-22,1.4407249105293052,1.4087180722523684
2016-11-23,1.4371737700798626,1.4030307765045829
2016-11-25,1.4446031833771813,1.4075330337690553
2016-11-28,1.4412915801615576,1.4043344734400738
2016-11-29,1.439245546886488,1.4091916431596352
2016-11-30,1.4242331944737958,1.3921309154451273
2016-12-01,1.397028381008328,1.368079581556959
2016-12-02,1.3993805881791657,1.3708046676060783
2016-12-05,1.4115716350994663,1.3814676948981988
2016-12-06,1.4144831461256298,1.3847848170519539
2016-12-07,1.4363530130903277,1.402320275202577
2016-12-08,1.4390088586310907,1.4048083342295525
2016-12-09,1.4501113177764164,1.4158264672315697
2016-12-12,1.4443692113825222,1.4094287668091825
2016-12-13,1.4660935218290585,1.4272005755901207
2016-12-14,1.4642035634022155,1.424238462518858
2016-12-15,1.4658472827463092,1.4264897844059024
2016-12-16,1.4661537252798014,1.4212020429738785
2016-12-19,1.471895239867158,1.427024810342147
2016-12-20,1.4820185756787447,1.4324906360798415
2016-12-21,1.4803459118642688,1.4314213572265848
2016-12-22,1.4767716416710424,1.4273809789534886
2016-12-23,1.482149742380361,1.4283317926093755
2016-12-27,1.4944701088813264,1.4356990524040367
2016-12-28,1.4850759669907498,1.424528924495443
2016-12-29,1.478955104774736,1.422508638731491
2016-12-30,1.4652117797825175,1.4078930674765588
2017-01-03,1.4786213678382827,1.420488932731963
2017-01-04,1.4934515119323621,1.428213037529794
2017-01-05,1.5004679911619954,1.4362930210567542
2017-01-06,1.51422981029939,1.4488892728217742
2017-01-09,1.5214460506644873,1.453642664709382
2017-01-10,1.522921362959638,1.4568505978965567
2017-01-11,1.526768901387054,1.460771931207859
2017-01-12,1.5241867895705568,1.4585143285395512
2017-01-13,1.5351038435873186,1.4635052305863225
2017-01-17,1.5309322133293044,1.459108780329289
2017-01-18,1.5357469628274467,1.4620792999847039
2017-01-19,1.5396700816532523,1.4613665762524046
2017-01-20,1.5433776580161616,1.4645745094395797
2017-01-23,1.5481312241200564,1.4657629298820345
2017-01-24,1.560891091201149,1.475625689013783
2017-01-25,1.5751366871909256,1.4904797367019191
2017-01-26,1.574719044480326,1.4920245190105237
2017-01-27,1.5773990939011953,1.494876186958953
2017-01-30,1.5656272990596314,1.483230942104628
2017-01-31,1.5640348498563572,1.4802602291944047
2017-02-01,1.5795143699593408,1.4904797367019191
2017-02-02,1.5803615655541523,1.4891725611798825
2017-02-03,1.5840690911747526,1.4934503529847383
2017-02-06,1.5913804836227778,1.4952326454525064
2017-02-07,1.5961103330723279,1.5006990509546256
2017-02-08,1.602447380511647,1.5031941637820971
2017-02-09,1.6137192133777953,1.508660376029408
2017-02-10,1.6182979963104955,1.5136513747035834
2017-02-13,1.6361403164941268,1.5222074414503155
2017-02-14,1.64113614969317,1.5273169053218607
2017-02-15,1.6482956685128374,1.5363473159950916
2017-02-16,1.6383184664488712,1.5358722956767645
2017-02-17,1.6472835496353455,1.54252644522951
2017-02-21,1.6587765710403222,1.5501323747121831
2017-02-22,1.6558926622600372,1.5507262467374965
2017-02-23,1.6351136718202477,1.544903479369228
2017-02-24,1.638714875894987,1.5478740956520471
2017-02-27,1.6309408129731837,1.5497758195912252
2017-02-28,1.6299248010160916,1.545022331076214
2017-03-01,1.645341721713394,1.5618959881364738
2017-03-02,1.6385942252611934,1.5540529350042531
2017-03-03,1.642158178879678,1.5569052793445106
2017-03-06,1.6386973130973637,1.553459352861152
2017-03-07,1.6339997869736684,1.5508451950718867
2017-03-08,1.634974282418899,1.55357849445035
2017-03-09,1.6343184495949483,1.5547663351283807
2017-03-10,1.639211081704207,1.5613017296015441
2017-03-13,1.6437855171204692,1.5639164671552341
2017-03-14,1.6507614088099494,1.5601135990413015
2017-03-15,1.6575363709949278,1.5697387513864824
2017-03-16,1.6621412116535554,1.5686698590428418
2017-03-17,1.6611558182762611,1.568121885034454
2017-03-20,1.662830477376395,1.5695513908500225
2017-03-21,1.6311842330004604,1.545735248063321
2017-03-22,1.6445647844803115,1.5562140068959114
2017-03-23,1.6407778270084672,1.5522847501374766
2017-03-24,1.6511086803111448,1.555499640497743
2017-03-27,1.6596226304799742,1.5580002610872459
2017-03-28,1.6746945263613735,1.567526273715868
2017-03-29,1.6812581732502483,1.5747902388155957
2017-03-30,1.684124137736411,1.5774097111120837
2017-03-31,1.6834821413903267,1.5763380165737255
2017-04-03,1.7004655885845186,1.5753859467615858
2017-04-04,1.7031640188264947,1.5778858909592597
2017-04-05,1.6962234251169892,1.5714558203565145
2017-04-06,1.6971233190613217,1.5722895215986887
2017-04-07,1.6962234251169892,1.5714558203565145
2017-04-10,1.696866325704943,1.5720514316751009
2017-04-11,1.6895401376616173,1.5652641295595693
2017-04-12,1.6827276234332937,1.5589527174090019
2017-04-13,1.6760437101824113,1.5527604468476324
2017-04-17,1.6899256276961854,1.5656212644449514
2017-04-18,1.6873547554391322,1.5632394955624347
2017-04-19,1.6900537071773678,1.5657399228971292
2017-04-20,1.7041924094490168,1.578838637163228
2017-04-21,1.703806815115197,1.5784814056504421
2017-04-24,1.7243723329820984,1.5975342039269185
2017-04-25,1.736839118247761,1.6090839809060384
2017-04-26,1.7343969512674005,1.606821450240124
2017-04-27,1.7448077896820333,1.6164665078305398
2017-04-28,1.7478930658488512,1.6193248430698488
2017-05-01,1.763445440179087,1.6337332451704898
2017-05-02,1.766401072375946,1.6364714725465601
2017-05-03,1.7607461755430962,1.6312325279535833
2017-05-04,1.76138907613105,1.6318281392721696
2017-05-05,1.7678153702300432,1.6377817401455266
2017-05-08,1.7716715221667454,1.6413542485281956
2017-05-09,1.777840614310856,1.6470695662231565
2017-05-10,1.7788687963348746,1.6480221191723168
2017-05-11,1.7774540812837702,1.646711465063734
2017-05-12,1.7814393556941726,1.6504035981726213
2017-05-15,1.7870944611255257,1.6556427360204062
2017-05-16,1.794549563044048,1.6625494696073477
2017-05-17,1.7489212478728697,1.6202773960190089
2017-05-18,1.7642164202482231,1.6344475149412538
2017-05-19,1.7716715221667454,1.6413542485281956
2017-05-22,1.7865806830112718,1.6551667494280382
2017-05-23,1.7883798451044266,1.6568335721479623
2017-05-24,1.7966057184935813,1.66445438225086
2017-05-25,1.8119016209636973,1.6786251775649335
2017-05-26,1.8151144551154383,1.6816016881193998
2017-05-30,1.8166570410492215,1.6830308074253522
2017-05-31,1.816013931862764,1.682435002851958
2017-06-01,1.8230841695422286,1.6889851813179417
2017-06-02,1.8439052205759838,1.7082747167343493
2017-06-05,1.8435199391399193,1.7079177751037755
2017-06-06,1.83619354249809,1.701130279733436
2017-06-07,1.84339144246173,1.7077987301419815
2017-06-08,1.8453197270285846,1.709585177588124
2017-06-09,1.7991766950498864,1.6668362477607808
2017-06-12,1.789537149602145,1.657905749823341
2017-06-13,1.804061029010607,1.6713613090926098
2017-06-14,1.7962200198605096,1.6640970541106699
2017-06-15,1.7882513484262372,1.6567145271861685
2017-06-16,1.780493152882051,1.649526994363047
2017-06-19,1.8102647485063077,1.6771087070857165
2017-06-20,1.7960873512122493,1.6639741440527138
2017-06-21,1.813873919814802,1.6804524017755866
2017-06-22,1.813358264314016,1.6799746758899456
2017-06-23,1.8203173189910864,1.6864218495432084
2017-06-26,1.8118108806146511,1.6785411117234068
2017-06-27,1.7789459777811896,1.6480936234513164
2017-06-28,1.804594415384195,1.6718554616369397
2017-06-29,1.7732750188635662,1.6428397982381153
2017-06-30,1.7739202140350592,1.6434375353595907
2017-07-03,1.7552320827001455,1.6261240303560787
2017-07-05,1.7725023700064015,1.6421239824288862
2017-07-06,1.7565212214521102,1.627318345070181
2017-07-07,1.7754663461434026,1.6448699399972808
2017-07-10,1.7870658831305388,1.6556162601116955
2017-07-11,1.7920924812706835,1.6602731212226536
2017-07-12,1.813358264314016,1.6799746758899456
2017-07-13,1.8173527170585746,1.6836753122103896
2017-07-14,1.8316590282278296,1.6969293067148026
2017-07-17,1.8325612167557013,1.697765133759866
2017-07-18,1.8448051145203164,1.7091084179765237
2017-07-19,1.8556313768547774,1.719138342517285
2017-07-20,1.858079488892489,1.7214063809452305
2017-07-21,1.8573064228383172,1.7206901786263855
2017-07-24,1.865812026820738,1.7285701434269547
2017-07-25,1.8610438822264972,1.7241527250232414
2017-07-26,1.8671009569741992,1.7297642648862488
2017-07-27,1.8553727147103702,1.7188987065552321
2017-07-28,1.853825956806516,1.7174657221531175
2017-07-31,1.8459645050030704,1.7101825281999832
2017-08-01,1.8502176198920361,1.71412280048248
2017-08-02,1.8552438008351737,1.7187792750838218
2017-08-03,1.8480271270062139,1.7120934317425467
2017-08-04,1.8513782619658115,1.7151980702347882
2017-08-07,1.863105461237123,1.7260626622917643
2017-08-08,1.8598832401527219,1.7230774552709331
2017-08-09,1.8574349195165065,1.7208092235881793
2017-08-10,1.8176109620059746,1.6839145616628262
2017-08-11,1.831400574681926,1.6966898640075578
2017-08-14,1.8549861816832842,1.7185406053958094
2017-08-15,1.856275737632256,1.719735306619528
2017-08-16,1.859497124322643,1.7227197406211268
2017-08-17,1.8214775438678545,1.6874967327859005
2017-08-18,1.8201884051158899,1.6863024180717983
2017-08-21,1.817868581157864,1.6841532313508385
2017-08-22,1.8455783891729916,1.7098248135501768
2017-08-23,1.8390052417274965,1.7037351612919123
2017-08-24,1.833592527757273,1.6987205855311478
2017-08-25,1.8297257372968896,1.6951382211532655
2017-08-28,1.8353958618204989,1.7003912733472342
2017-08-29,1.8426139958389836,1.7070784694721661
2017-08-30,1.8642658947123947,1.7271377387892644
2017-08-31,1.8842414960112448,1.7456440124684136
2017-09-01,1.8816644700983367,1.7432565425690578
2017-09-05,1.8647811330161734,1.727615078165289
2017-09-06,1.8704523005323004,1.7328690966332982
2017-09-07,1.874834120697959,1.7369286071323973
2017-09-08,1.858595144393275,1.7218841068308715
2017-09-11,1.8799894241147967,1.7417047064599576
2017-09-12,1.884500575352659,1.7458840349400828
2017-09-13,1.8870780184625742,1.7482718913490547
2017-09-14,1.8759937197792167,1.738002910610665
2017-09-15,1.8824383705465226,1.7439735179071354
2017-09-18,1.8799712760449874,1.7416878932916522
2017-09-19,1.883200380880006,1.744679477721151
2017-09-20,1.8773877835784691,1.7392944324932451
2017-09-21,1.8658925458431102,1.728644739782884
2017-09-22,1.8640842054157991,1.7269694138514031
2017-09-25,1.844450705662778,1.7087800780575495
2017-09-26,1.8492299059777073,1.7132077389660925
2017-09-27,1.8658925458431102,1.728644739782884
2017-09-28,1.8652467248761064,1.7280464228969843
2017-09-29,1.878679216913973,1.7404908730102364
2017-10-02,1.8803586434660875,1.742046767470307
2017-10-03,1.8843633175373202,1.7457568732763482
2017-10-04,1.8861706149721136,1.7474312329337887
2017-10-05,1.9046407608708131,1.7645427866628287
2017-10-06,1.907224461935835,1.766936440716044
2017-10-09,1.905029171284431,1.7649026271155241
2017-10-10,1.9064493098966278,1.7662183058491177
2017-10-11,1.9121321589289537,1.771483146586381
2017-10-12,1.9086456435405494,1.768253085723678
2017-10-13,1.916007501927983,1.7750734344113956
2017-10-16,1.9225950426702234,1.7811764212514196
2017-10-17,1.9250485782690274,1.783449484304376
2017-10-18,1.9227241651439233,1.781296045977638
2017-10-19,1.915619717309876,1.7747141737231245
2017-10-20,1.9207871194399195,1.779501481829555
2017-10-23,1.9082576503239388,1.7678936317805987
2017-10-24,1.911487380954468,1.7708857959745217
2017-10-25,1.9042540192452238,1.7641844922485979
2017-10-26,1.8981838027917977,1.7585607773326797
2017-10-27,1.9534651180141966,1.8097758137935813
2017-10-30,1.9578567423095223,1.8138444072686613
2017-10-31,1.9652186006969556,1.8206647559563789
2017-11-01,1.9645729883284555,1.8200666323252872
2017-11-02,1.9608267678031264,1.8165959692264908
2017-11-03,1.9809799920451514,1.8340673634082263
2017-11-06,1.986276027061012,1.8402895884648525
2017-11-07,1.98845231020292,1.8413671772748579
2017-11-08,1.995514977963371,1.848785069829243
2017-11-09,1.9851179637333551,1.839093147947861
2017-11-10,1.9849950992147618,1.8389733299668345
2017-11-13,1.9913922251853529,1.8412469727842153
2017-11-14,1.982325130713673,1.8345452825486754
2017-11-15,1.974342364520422,1.8259297899484503
2017-11-16,1.9986629678958925,1.8492639552437324
2017-11-17,1.9922586876663948,1.8422037773391537
2017-11-20,1.9887196588277962,1.840768473879342
2017-11-21,2.012182722267211,1.8607519873116622
2017-11-22,2.012807320618263,1.863025630129043
2017-11-24,2.020767147099018,1.8698455923071444
2017-11-27,2.020321470863921,1.8690084124784243
2017-11-28,2.0254721446943234,1.8737949475656224
2017-11-29,1.988694523161279,1.8411273480579968
2017-11-30,2.0049522143650416,1.856563382600748
2017-12-01,1.9960939930830526,1.848666024867449
2017-12-04,1.973816720928991,1.8273660596823027
2017-12-05,1.9745519730632415,1.8285623069444858
2017-12-06,1.9861512942593653,1.8368196983852885
2017-12-07,1.9918697441314759,1.8430417301871065
2017-12-08,2.001488249262915,1.8511789171372663
2017-12-11,2.0207274694609807,1.8655385223988603
2017-12-12,2.022121341261711,1.863025630129043
2017-12-13,2.0251468999088713,1.8666151449348254
2017-12-14,2.023423496166276,1.8652986931819993
2017-12-15,2.0469645050220313,1.8864796134053516
2017-12-18,2.0616817558158007,1.902295200391225
2017-12-19,2.04757822365785,1.8910238069631833
2017-12-20,2.0447935951013037,1.8889855485020772
2017-12-21,2.0459173278174014,1.8892251844641301
2017-12-22,2.041588203653049,1.8870673012768056
2017-12-26,2.0285443821844322,1.8768740764231937
2017-12-27,2.026939296584814,1.8771139056400545
2017-12-28,2.030494428306366,1.879392379827638
2017-12-29,2.0172531301124104,1.8677605661824763
2018-01-02,2.0538293868699173,1.900496964401788
2018-01-03,2.071690611484373,1.918963234335659
2018-01-04,2.0742723691514233,1.922321229881329
2018-01-05,2.0947111347684335,1.9416269987016175
2018-01-08,2.108954302527033,1.9491815224053344
2018-01-09,2.108186654319206,1.949301920150785
2018-01-10,2.103877089939158,1.9447445852660021
2018-01-11,2.1185575389268254,1.9580546236647662
2018-01-12,2.132746400416071,1.972444376676425
2018-01-16,2.128226235849999,1.9668094529816367
2018-01-17,2.152315545507649,1.9880330825175807
2018-01-18,2.1518360194030115,1.9883929229702761
2018-01-19,2.1600160181292214,1.9946288691182779
2018-01-22,2.182407459855732,2.0159730896544805
2018-01-23,2.1999012777972626,2.0326401573248742
2018-01-24,2.184115750046103,2.019450516671561
2018-01-25,2.180674960882425,2.0187308357661697
2018-01-26,2.2141062366041724,2.049668611486428
2018-01-29,2.206089007551904,2.0397159888689096
2018-01-30,2.187658659540695,2.022927943688641
2018-01-31,2.1990477406083286,2.0313221595335835
2018-02-01,2.179682864120666,2.0140540694099767
2018-02-02,2.136689088492493,1.973883545232399
2018-02-05,2.053407553689414,1.8960600272624557
2018-02-06,2.105203803071481,1.9463035718030026
2018-02-07,2.082995009032894,1.9211215040325997
2018-02-08,1.9901209643377653,1.840061547791286
2018-02-09,2.0211298154436013,1.8718382426335374
2018-02-12,2.056929663081784,1.9050539127769546
2018-02-13,2.0696104425552804,1.9148867174134467
2018-02-14,2.105933192162227,1.9507401224327185
2018-02-15,2.146920727910345,1.9869541409239184
2018-02-16,2.1382872200621788,1.9780810396644866
2018-02-20,2.1421086502043774,1.9820377386056725
2018-02-21,2.1358478621926125,1.9764018486368433
2018-02-22,2.1398189023739627,1.9761625991844067
2018-02-23,2.1831823150355567,2.016572179559613
2018-02-26,2.2123623779536823,2.043313040612208
2018-02-27,2.184311398664256,2.018011927880011
2018-02-28,2.1684331691786563,2.00506095691471
2018-03-01,2.1308910589501053,1.972325138459823
2018-03-02,2.1508311595207443,1.9904321477054228
2018-03-05,2.1728757953669176,2.0124956626374004
2018-03-06,2.1799187049019633,2.021009309953753
2018-03-07,2.1860577999786437,2.0256862695647544
2018-03-08,2.1964449567182687,2.036838231521386
2018-03-09,2.236389260493514,2.076408699519791
2018-03-12,2.253710133487295,2.0874406502405876
2018-03-13,2.223366113139744,2.05902156443439
2018-03-14,2.218014136262169,2.0586617239816944
2018-03-15,2.2158323413744836,2.0568631014826413
2018-03-16,2.208169134557743,2.050747746334898
2018-03-19,2.1607492906210286,2.0069925387217413
2018-03-20,2.1665371744559536,2.013598567827268
2018-03-21,2.159505387861204,2.0048305971834464
2018-03-22,2.106328381433639,1.9553459642743365
2018-03-23,2.0510161235838367,1.9038205605916148
2018-03-26,2.124422415341408,1.9745632223925118
2018-03-27,2.050710230438095,1.9106660324043865
2018-03-28,2.022886708245614,1.8886871630783597
2018-03-29,2.0652133876875864,1.9232776479266513
2018-04-02,2.0014712818563267,1.8677885881296519
2018-04-03,2.0320910583042275,1.888806787804578
2018-04-04,2.0727361664822643,1.9185937311425583
2018-04-05,2.0991486405713715,1.9295228703054421
2018-04-06,2.0487513945543134,1.8812402823027585
2018-04-09,2.0544334179174615,1.894451760749388
2018-04-10,2.1084300592830734,1.9362492971564198
2018-04-11,2.0963218136791824,1.9250795557574425
2018-04-12,2.111024711806349,1.9482606632447037
2018-04-13,2.106705233995176,1.9381710229682374
2018-04-16,2.1139058690447707,1.952944580028797
2018-04-17,2.152549981352505,1.9949813658882654
2018-04-18,2.1588257869324123,1.9990654197479938
2018-04-19,2.1479702995501255,1.9806893998095088
2018-04-20,2.1108754985849387,1.9493411508768308
2018-04-23,2.101111271194929,1.9444168251114524
2018-04-24,2.059206987489154,1.9032208909220583
2018-04-25,2.059306899599652,1.905501684167339
2018-04-26,2.109337829452996,1.9456180969986465
2018-04-27,2.1162479961925307,1.9468185958666082
2018-04-30,2.1023649694603,1.9330064814763817
2018-05-01,2.128244446062201,1.9551063283122836
2018-05-02,2.120031582131337,1.9435761666961864
2018-05-03,2.1064066516220494,1.9433361442245172
2018-05-04,2.1489483064272252,1.98020838859213
2018-05-07,2.171223889967063,1.9966644220120704
2018-05-08,2.1694125313963784,1.9946221051999942
2018-05-09,2.1954064683278496,2.016361338563968
2018-05-10,2.2152108675278384,2.0372593337482514
2018-05-11,2.2115790301388696,2.03533799444605
2018-05-14,2.2079969737855176,2.0388212191073736
2018-05-15,2.1800918178339326,2.016240554308901
2018-05-16,2.1932351363518756,2.0295728170105973
2018-05-17,2.185046506373155,2.0217651295082604
2018-05-18,2.169166313344903,2.0113160352887145
2018-05-21,2.186274485122917,2.0226061744331427
2018-05-22,2.1765587571129013,2.019964574461126
2018-05-23,2.197230560319423,2.037020084295815
2018-05-24,2.1951465396276446,2.0364186753329854
2018-05-25,2.1970611223515273,2.0384606056354455
2018-05-29,2.192876827018109,2.0294520327555303
2018-05-30,2.2132527152505226,2.043985567344421
2018-05-31,2.2097753775461095,2.0426642842213925
2018-06-01,2.245814982191498,2.074733566843118
2018-06-04,2.267740945522958,2.0934696204891066
2018-06-05,2.270065879286192,2.099955638358799
2018-06-06,2.302512645192915,2.1122070269187523
2018-06-07,2.2832052353950307,2.095031699103037
2018-06-08,2.2844535575208105,2.0951519035936794
2018-06-11,2.300387899375562,2.100795910264449
2018-06-12,2.318912368545556,2.111846026937208
2018-06-13,2.320241950706541,2.1117262089561817
2018-06-14,2.3505351954901097,2.1331050221030354
2018-06-15,2.3435525684548946,2.1256583345822424
2018-06-18,2.3514628514757616,2.1244305867863376
2018-06-19,2.332397226937031,2.118413018571497
2018-06-20,2.354121930302909,2.1334584851470635
2018-06-21,2.3253430620222577,2.1149218704630415
2018-06-22,2.3107444509150556,2.110228290938543
2018-06-25,2.2636473775378514,2.0626833565384044
2018-06-26,2.2783876063189346,2.0711094594266846
2018-06-27,2.252551979181805,2.0429441171835316
2018-06-28,2.2737045517762207,2.060517743158756
2018-06-29,2.2741115102988902,2.0660543001562175
2018-07-02,2.2820192204425007,2.0798957892772765
2018-07-03,2.240968906015457,2.055823390615025
2018-07-05,2.2647819644937517,2.081340368967877
2018-07-06,2.2963638774343735,2.113718472772958
2018-07-09,2.3219428128439374,2.132736098674359
2018-07-10,2.3263294731424136,2.1343010761104106
2018-07-11,2.3131733970992356,2.1234683710967723
2018-07-12,2.3474549494474717,2.1600580769349325
2018-07-13,2.3507820937174784,2.161864043116694
2018-07-16,2.339389466735113,2.156688292845968
2018-07-17,2.3613273184684114,2.1698083617683626
2018-07-18,2.3581469144052893,2.1657158046970775
2018-07-19,2.344911636062061,2.154883099683439
2018-07-20,2.3396516055253147,2.1544018952112522
2018-07-23,2.3389097327298023,2.161262440899056
2018-07-24,2.343494657516641,2.1701691684950988
2018-07-25,2.381399420034662,2.2005014769015574
2018-07-26,2.347180288688186,2.1671599978780622
2018-07-27,2.3116636839892992,2.1379114624354685
2018-07-30,2.27697315819995,2.1076997450292687
2018-07-31,2.29867746797728,2.1238287913138922
2018-08-01,2.3074795163955333,2.1318931212013954
2018-08-02,2.3725795454819054,2.160901247662704
2018-08-03,2.3786697809054433,2.1675215776240306
2018-08-06,2.3913141879520907,2.180280066800457
2018-08-07,2.4244850043484543,2.1882238056877017
2018-08-08,2.42120671468519,2.190871976323194
2018-08-09,2.4057079113649986,2.18954818088766
2018-08-10,2.390500337988389,2.172816952620975
2018-08-13,2.3887916324252103,2.1704103504956165
2018-08-14,2.3957931266264625,2.1840110441257736
2018-08-15,2.363523058781535,2.15729047482803
2018-08-16,2.364559737673521,2.164391622751927
2018-08-17,2.3428437171765646,2.164873020478922
2018-08-20,2.3423102543450676,2.1629478160805586
2018-08-21,2.359446085212779,2.1708913617129952
2018-08-22,2.3677502637471712,2.1793174646012754
2018-08-23,2.3632474811587088,2.176188089493596
2018-08-24,2.3851189829354325,2.19640911308508
2018-08-27,2.4051897402620765,2.218795943311021
2018-08-28,2.4020696945092133,2.222046295928575
2018-08-29,2.420669310432597,2.247684445046111
2018-08-30,2.4168051380832933,2.2437120924654685
2018-08-31,2.41713922023461,2.246600478827438
2018-09-04,2.3960190218683315,2.236971558013499
2018-09-05,2.3606752901180967,2.2080840225524496
2018-09-06,2.339429759153786,2.1883445899427687
2018-09-07,2.319205698512098,2.1799182937996804
2018-09-10,2.3427993394135735,2.1872612034885197
2018-09-11,2.355230787105058,2.204111476716999
2018-09-12,2.3545744350904636,2.1976123175203552
2018-09-13,2.3751328216664387,2.2210835004745855
2018-09-14,2.3738782196176036,2.2145839547683255
2018-09-17,2.342886940203677,2.1826870554354314
2018-09-18,2.352326994672607,2.2007416926280343
2018-09-19,2.3627250960322193,2.1990572837205726
2018-09-20,2.3867411113762045,2.2233706711285337
2018-09-21,2.3739675553587536,2.211213977424553
2018-09-24,2.3817367060872625,2.2173627656540984
2018-09-25,2.3851426908764948,2.2203779271701864
2018-09-26,2.3941376323823658,2.221944643899511
2018-09-27,2.41135296623256,2.240755100646621
2018-09-28,2.377212239202144,2.240273509664818
2018-10-01,2.413185049263253,2.2448557744198467
2018-10-02,2.399450199944808,2.2397913389185904
2018-10-03,2.399270734065288,2.2422025791593434
2018-10-04,2.347637724224351,2.199155457163091
2018-10-05,2.307381614020295,2.1722659831630615
2018-10-08,2.2868296939082504,2.159001939408627
2018-10-09,2.3025595986463996,2.165996024168833
2018-10-10,2.2056356175943024,2.0707364776470376
2018-10-11,2.1825891571755873,2.045053493414021
2018-10-12,2.2375863156631275,2.10196684114677
2018-10-15,2.2156286172625217,2.0765248456594634
2018-10-16,2.287995492108501,2.1369361054189517
2018-10-17,2.286161825330953,2.1377796626563397
2018-10-18,2.2309115639210804,2.0882204333913
2018-10-19,2.22519794239657,2.0862915571515828
2018-10-22,2.236701382441523,2.0970235764101974
2018-10-23,2.248788308731956,2.089305945648438
2018-10-24,2.1441109349020775,1.9936852058902905
2018-10-25,2.2314483138495893,2.062657460394118
2018-10-26,2.184763364882154,2.009601865140804
2018-10-29,2.138357405972949,1.9682430171481755
2018-10-30,2.180855588206403,2.0006794839053046
2018-10-31,2.2401757365251616,2.0477059156552917
2018-11-01,2.2765148675375464,2.07471598065558
2018-11-02,2.249808159873828,2.04240010489871
2018-11-05,2.234420892799745,2.037336249161878
2018-11-06,2.2472458027810673,2.052770351156548
2018-11-07,2.3110738459842586,2.1171607274149626
2018-11-08,2.290661197780314,2.1036553084052025
2018-11-09,2.257426870384859,2.06820522617045
2018-11-12,2.172484647387737,2.0056229418966858
2018-11-13,2.1895026483452833,2.007311022645502
2018-11-14,2.1808542726427524,1.9919973183962827
2018-11-15,2.215104048087143,2.026845411903781
2018-11-16,2.1675934896374844,2.0197311226529324
2018-11-19,2.0738207288724477,1.954135029646737
2018-11-20,2.056063300858682,1.9191659586293635
2018-11-21,2.056076597695755,1.9337565033866455
2018-11-23,2.030661509162983,1.9197694933950822
2018-11-26,2.099180564550319,1.9641440826682228
2018-11-27,2.0999809558712506,1.9707752348988035
2018-11-28,2.165539787792824,2.0342006899003393
2018-11-29,2.154620269397445,2.0275691511601424
2018-11-30,2.1844696031081083,2.0422802869176833
2018-12-03,2.231757906251783,2.0779719376625696
2018-12-04,2.1450532718469857,1.9982672773905112
2018-12-06,2.162189970617578,2.0123750716371416
2018-12-07,2.089106034205585,1.9459350348839424
2018-12-10,2.1209985557466196,1.9663133678892255
2018-12-11,2.120339080376227,1.9728250886483962
2018-12-12,2.1372839606680527,1.990188839902016
2018-12-13,2.1463443981923307,1.990791408393694
2018-12-14,2.0961680624865844,1.942318271150217
2018-12-17,2.040730362665577,1.898305841387469
2018-12-18,2.056517027558724,1.9102437706486723
2018-12-19,1.9877714731761582,1.8633381231537522
2018-12-20,1.946696636877077,1.8363270918794232
2018-12-21,1.8831346956454316,1.7794129711274418
2018-12-24,1.832781692554955,1.735287294047143
2018-12-26,1.9640623225619875,1.843636181976844
2018-12-27,1.9534317260551965,1.8507719225113926
2018-12-28,1.9707053362201066,1.849804102432392
2018-12-31,1.9752743947198594,1.8654032440331854
2019-01-02,1.9841785911154841,1.872901530587743
2019-01-03,1.9010652208950012,1.8117128067352393
2019-01-04,1.9957507399510988,1.8892261507381705
2019-01-07,2.040142599110817,1.9117183048345299
2019-01-08,2.0554282783831037,1.9290109383187664
2019-01-09,2.076371815397158,1.9447306709198184
2019-01-10,2.089038809154465,1.9502940903356072
2019-01-11,2.090610442691971,1.9431583498010587
2019-01-14,2.075524299714186,1.9259874668459298
2019-01-15,2.116903031007742,1.9635956255228146
2019-01-16,2.116266662303717,1.963231919973957
2019-01-17,2.1343279949750937,1.978711436848532
2019-01-18,2.127138766538482,1.998300903727122
2019-01-22,2.070371257777226,1.9582743543815841
2019-01-23,2.0597064870225275,1.9608141090697284
2019-01-24,2.0911478832375407,1.9735117229816008
2019-01-25,2.1254785004133736,1.9970917083927955
2019-01-28,2.051871022834054,1.9724231186475334
2019-01-29,2.0149400106375577,1.9538006988287115
2019-01-30,2.09322920518021,2.0035008108488612
2019-01-31,2.1632149174579816,2.0334906717353536
2019-02-01,2.1508931351646017,2.024904553865961
2019-02-04,2.187121708921718,2.050057826669956
2019-02-05,2.213393956101216,2.0681967229588936
2019-02-06,2.208782809585371,2.0620288025033453
2019-02-07,2.1609701336488625,2.034336741285247
2019-02-08,2.1612093420957033,2.0383274530726596
2019-02-11,2.1573725303149245,2.0363920061694665
2019-02-12,2.1873453050804015,2.0665028445658344
2019-02-13,2.186754136610044,2.0679541881747188
2019-02-14,2.186553724126609,2.070493749608055
2019-02-15,2.1926318715390947,2.0791996854584744
2019-02-19,2.194301077479793,2.0833121477749947
2019-02-20,2.1970855622432603,2.082949988264602
2019-02-21,2.171086609716844,2.075330144435745
2019-02-22,2.1961818493471976,2.090688877055253
2019-02-25,2.2081482578827205,2.098306981590837
2019-02-26,2.2044331582391195,2.1004834172397397
2019-02-27,2.2106386881741455,2.099153437650346
2019-02-28,2.205529699897804,2.094316269803424
2019-03-01,2.2082260402674807,2.108827580089382
2019-03-04,2.2182046564782536,2.1091905126190076
2019-03-05,2.220809450045861,2.110762253973343
2019-03-06,2.203620390834088,2.098790505120721
2019-03-07,2.1714060504841677,2.0730331177865833
2019-03-08,2.179787528942411,2.069889441823104
2019-03-11,2.2467819161839087,2.112939076131862
2019-03-12,2.2528403637172905,2.1245475059452428
2019-03-13,2.283610609296219,2.140509773330469
2019-03-14,2.270032367382123,2.13688218732749
2019-03-15,2.2737439066441416,2.1567145754998704
2019-03-18,2.263531576480731,2.1618503220253182
2019-03-19,2.285435426518873,2.1691196016322687
2019-03-20,2.3072014851233225,2.177720600121886
2019-03-21,2.355648289791067,2.2117630143343856
2019-03-22,2.2979113415924615,2.163183200436833
2019-03-25,2.286316366774762,2.159063974202029
2019-03-26,2.303613199399562,2.1691196016322687
2019-03-27,2.2975343335659817,2.1551876692610157
2019-03-28,2.3038444869890884,2.160154511084178
2019-03-29,2.3212288578684093,2.1765092789846703
2019-04-01,2.356949750492527,2.205341930080217
2019-04-02,2.374927107830528,2.213700973550084
2019-04-03,2.3986254870535797,2.226421198274505
2019-04-04,2.386527481237923,2.225573582686147
2019-04-05,2.404713737580077,2.2370822930185446
2019-04-08,2.410841382482796,2.242776932449038
2019-04-09,2.4039364869914706,2.2349016057638633
2019-04-10,2.4213399097419783,2.246894999154993
2019-04-11,2.409880129273417,2.241565031547398
2019-04-12,2.413487792956771,2.2512561804095474
2019-04-15,2.402180002140053,2.2516200792132133
2019-04-16,2.4196458817952964,2.2593724958404318
2019-04-17,2.424132245756558,2.2672478225256065
2019-04-18,2.4237149075036806,2.270155534368387
2019-04-22,2.435892327347643,2.2765758456033227
2019-04-23,2.4671179865203294,2.3055296674635533
2019-04-24,2.4550168441309914,2.298261740640259
2019-04-25,2.4615067003773885,2.307588990698743
2019-04-26,2.4347758938076205,2.309648700443549
2019-04-29,2.4514790371339163,2.3141308592079786
2019-04-30,2.4370358651193693,2.2962016443858366
2019-05-01,2.4384658680764835,2.2888121602882436
2019-05-02,2.4441205184192056,2.278877896877495
2019-05-03,2.4838837247403074,2.315221782599743
2019-05-06,2.4619292460792126,2.3010475086991233
2019-05-07,2.402404905058859,2.2562234087423256
2019-05-08,2.3996033323297774,2.2505293490762566
2019-05-09,2.3768054619017587,2.2384153646848675
2019-05-10,2.3674771358721967,2.2412013259985404
2019-05-13,2.2650997804404214,2.163425928475816
2019-05-14,2.2925373581105575,2.187170180473901
2019-05-15,2.3157179515773114,2.218062154804638
2019-05-16,2.3259753783355883,2.2403535171553743
2019-05-17,2.2780003579510186,2.2174561077264143
2019-05-20,2.2327094367881455,2.180022651396058
2019-05-21,2.256676543199445,2.2027983102959108
2019-05-22,2.228152746307513,2.1929848311402296
2019-05-23,2.1888744115684458,2.159427873005695
2019-05-24,2.1780238570751673,2.1583375293783544
2019-05-28,2.175726122950981,2.150220827437854
2019-05-29,2.157496433685992,2.1325331811258463
2019-05-30,2.1570969723959283,2.1414980784191293
2019-05-31,2.1113632617197515,2.1073350732063707
2019-06-03,2.040555400270981,2.0609361398183075
2019-06-04,2.125811912260689,2.118964954303451
2019-06-05,2.1378268923389907,2.1347140616353357
2019-06-06,2.1713198582802464,2.1516741035948197
2019-06-07,2.208611772820344,2.193227559179212
2019-06-10,2.252029255536459,2.2187891793927372
2019-06-11,2.2762006541213093,2.2218178687453927
2019-06-12,2.239008237721264,2.2089764732562887
2019-06-13,2.2633448077223712,2.222060017019951
2019-06-14,2.260196132756464,2.212611209687168
2019-06-17,2.3032733432978243,2.2259370949801967
2019-06-18,2.337534906641241,2.2582829252323235
2019-06-19,2.3418166536236393,2.2667629462120655
2019-06-20,2.345773646416867,2.28784260091597
2019-06-21,2.34486064926761,2.284450592524073
2019-06-24,2.3534804619345246,2.284523256331921
2019-06-25,2.315588625201519,2.2453062513775444
2019-06-26,2.3417144305930884,2.255747808659574
2019-06-27,2.364926343650951,2.2643679393751937
2019-06-28,2.37313946653462,2.267282801645874
2019-07-01,2.4017242325759174,2.2978785163557824
2019-07-02,2.397639032740918,2.3069850694234075
2019-07-03,2.4299034906334205,2.3243470813837552
2019-07-05,2.4178497222808657,2.319611758820705
2019-07-08,2.3957295611675122,2.303342216290588
2019-07-09,2.412690820801409,2.3148764362576553
2019-07-10,2.4558869769034226,2.3379454559562145
2019-07-11,2.4624805571968444,2.33624597317372
2019-07-12,2.49228033612781,2.3497222107074567
2019-07-15,2.5103664309156737,2.357250645012079
2019-07-16,2.501811040088482,2.3451090251831306
2019-07-17,2.5009484572398915,2.333574418706447
2019-07-18,2.499149326557018,2.33624597317372
2019-07-19,2.487512664934784,2.319126109487931
2019-07-22,2.512365323784959,2.3375815571525487
2019-07-23,2.5385651976836057,2.3528790279978864
2019-07-24,2.5646394841053373,2.369391878331411
2019-07-25,2.466637486498978,2.346929871985116
2019-07-26,2.470943460800044,2.3710915543687126
2019-07-29,2.4717419785136747,2.362956493221443
2019-07-30,2.481240091629921,2.352758630252436
2019-07-31,2.449128038464683,2.3202187721729697
2019-08-01,2.412366104946434,2.308684358951094
2019-08-02,2.376612476855386,2.274688712402156
2019-08-05,2.280756209317528,2.194313264691158
2019-08-06,2.3113722509153813,2.225030536675366
2019-08-07,2.3279768770931693,2.237050599230015
2019-08-08,2.382972995550934,2.285736703272026
2019-08-09,2.350520271778453,2.2642471551201266
2019-08-12,2.316546972860505,2.23826501244416
2019-08-13,2.3750276468602887,2.2873157883090696
2019-08-14,2.2783403691757975,2.2189600166431043
2019-08-15,2.274122679806518,2.2164102127049383
2019-08-16,2.328562363918997,2.251983978016879
2019-08-19,2.3915373731875924,2.287801244387035
2019-08-20,2.3705356916976132,2.2700751403682142
2019-08-21,2.380761846198433,2.290230070815326
2019-08-22,2.375491099666861,2.282823773549427
2019-08-23,2.2846742959159245,2.2105818409472344
2019-08-26,2.321054114024142,2.2439714404179485
2019-08-27,2.3074825298769337,2.2392355380904743
2019-08-28,2.314508051863904,2.2472490419634457
2019-08-29,2.364872618775946,2.2816089738256653
2019-08-30,2.3699723124547374,2.2761460469100925
2019-09-03,2.3455362715064085,2.2540483258770796
2019-09-04,2.3742652822769554,2.2865870244276976
2019-09-05,2.4474101021595054,2.3284748108301154
2019-09-06,2.431961307058413,2.32616792818574
2019-09-09,2.446285177442257,2.321311821367624
2019-09-10,2.4534974558402864,2.3146342879830972
2019-09-11,2.49699818639945,2.3363671439384035
2019-09-12,2.4975348794219285,2.346079744084253
2019-09-13,2.481837868176743,2.3377027279172315
2019-09-16,2.465314118704626,2.3272609773803943
2019-09-17,2.481190004679482,2.338431491798604
2019-09-18,2.4778979186578605,2.337459613368633
2019-09-19,2.4799579473171907,2.3413451945404353
2019-09-20,2.443648824478803,2.3165768853141904
2019-09-23,2.4435053643484634,2.3175982369750368
2019-09-24,2.3774976868989164,2.286818157178194
2019-09-25,2.4195505070958134,2.3124887731034915
2019-09-26,2.4286421023392757,2.3039729999842495
2019-09-27,2.3963456498199136,2.2753832701824934
2019-09-30,2.415777029478525,2.297037278176092
2019-10-01,2.4127990583382997,2.278302384058952
2019-10-02,2.383704148803097,2.2391290546912073
2019-10-03,2.4067541530683068,2.2637039158545376
2019-10-04,2.4271479585742224,2.297037278176092
2019-10-07,2.439488923423906,2.290103682170823
2019-10-08,2.4054384046281023,2.2557957358519847
2019-10-09,2.4382417071498836,2.2778159617069464
2019-10-10,2.453219199595546,2.2954566471005835
2019-10-11,2.488766603129816,2.3250198013707757
2019-10-14,2.5048669311482548,2.324776686822177
2019-10-15,2.55873942995438,2.3543390680731364
2019-10-16,2.557262475647872,2.348499874046179
2019-10-17,2.567190253698556,2.354704512915267
2019-10-18,2.5258125184476445,2.3320757276695754
2019-10-21,2.5537486768926,2.3527584369976284
2019-10-22,2.5300611158230666,2.334022576606447
2019-10-23,2.5367587537997207,2.3385236743420714
2019-10-24,2.6340583679200456,2.3612740168620623
2019-10-25,2.711816795294517,2.3801310480179256
2019-10-28,2.731618294025715,2.403611120693329
2019-10-29,2.6918619803135986,2.3849975905956797
2019-10-30,2.694785145448985,2.39655500113972
2019-10-31,2.6971644755349917,2.397649596372839
2019-11-01,2.7133504917536104,2.4194269009340093
2019-11-04,2.7501869298079695,2.434390427470939
2019-11-05,2.7468906487718767,2.435728717017081
2019-11-06,2.7498527731365803,2.4302541948130214
2019-11-07,2.7675072873851128,2.4384052961093654
2019-11-08,2.7736439227379153,2.44813876777449
2019-11-11,2.7828716193490646,2.4448534360366687
2019-11-12,2.8092089927577364,2.451909362335469
2019-11-13,2.7939450928283045,2.4525179217261983
2019-11-14,2.8019883301831374,2.450571459298943
2019-11-15,2.8031544095113454,2.4685768165154784
2019-11-18,2.8262293173630635,2.470523472197542
2019-11-19,2.8386565501104135,2.4741730892486458
2019-11-20,2.822210157942761,2.459331313240824
2019-11-21,2.821620780604782,2.4538560180175324
2019-11-22,2.788403883868334,2.4554378086218893
2019-11-25,2.8371155534308397,2.4845145405400753
2019-11-26,2.817109665763694,2.489258946079106
2019-11-27,2.8414108972262104,2.5066563236693367
2019-11-29,2.8274327111119852,2.495219890635171
2019-12-02,2.8008480813420364,2.4696719915130214
2019-12-03,2.7878925163064014,2.450328151495536
2019-12-04,2.7900792769116864,2.4627368494692883
2019-12-05,2.784310897775003,2.467603778556659
2019-12-06,2.8185455972214637,2.4940037381277533
2019-12-09,2.8207055081145604,2.482689442132312
2019-12-10,2.838436058053069,2.480620649411525
2019-12-11,2.8631668115081172,2.49376004381473
2019-12-12,2.8893244016699673,2.5123733806575705
2019-12-13,2.8846671633650054,2.520646618992638
2019-12-16,2.948639674813845,2.545951596820997
2019-12-17,2.9562660838258434,2.5474118301510544
2019-12-18,2.993267140116455,2.549358099323502
2019-12-19,3.027360385062191,2.565295436838483
2019-12-20,3.043620849704388,2.575636694875105
2019-12-23,3.0476356441275185,2.5824400371397087
2019-12-24,3.045282576512717,2.5837816120175887
2019-12-26,3.0790992511043576,2.606580268239606
2019-12-27,3.0728140788545524,2.6043854733839336
2019-12-30,3.039005127600195,2.587317015477101
2019-12-31,3.0514722840871022,2.5921941870693015
2020-01-02,3.1090914127781044,2.635476113657404
2020-01-03,3.0776277348973657,2.6113354960478907
2020-01-06,3.103915268505336,2.6281606461513154
2020-01-07,3.1120986439455787,2.627795201309185
2020-01-08,3.12940842341355,2.647546615716969
2020-01-09,3.159114515360639,2.669979247332432
2020-01-10,3.1538596228314373,2.66315213472643
2020-01-13,3.200011190392151,2.693876943648154
2020-01-14,3.176511404204547,2.6832699602503847
2020-01-15,3.1723285417394997,2.684367261050817
2020-01-16,3.204884866846289,2.7100927613416173
2020-01-17,3.2155219561736472,2.723504451769446
2020-01-21,3.2150039648501787,2.722284434165865
2020-01-22,3.2258266797292983,2.729478537652463
2020-01-23,3.2396448258364403,2.7382569440559212
2020-01-24,3.2108001003768996,2.715213627246841
2020-01-27,3.1329146111879145,2.659129149386063
2020-01-28,3.190408282515807,2.6999737463343187
2020-01-29,3.189023255681011,2.704362369771624
2020-01-30,3.1997638135702138,2.7139943826624924
2020-01-31,3.158958504662946,2.6709551841133727
2020-02-03,3.202670478916862,2.711312199180773
2020-02-04,3.2790424964821367,2.773370376414951
2020-02-05,3.2966215233340463,2.7825146141701578
2020-02-06,3.328264132653793,2.806533287995755
2020-02-07,3.3101844865011585,2.794463172445807
2020-02-10,3.370236489298207,2.8282352231817645
2020-02-11,3.382535842701678,2.8287228050626188
2020-02-12,3.4203905140857143,2.8562776553669615
2020-02-13,3.4126183069641574,2.8526197283591093
2020-02-14,3.4662257479346015,2.8607889956074146
2020-02-18,3.467555273563206,2.8618862964078473
2020-02-19,3.5007929459705793,2.8893184299090415
2020-02-20,3.468292858228599,2.862495049053385
2020-02-21,3.4016690598653243,2.807508258502656
2020-02-24,3.270489744202082,2.6992416971212085
2020-02-25,3.1815592781725606,2.625844487276152
2020-02-26,3.197956136515043,2.6393773484686633
2020-02-27,3.037822525042534,2.507213863790726
2020-02-28,3.037605197245138,2.509164771078568
2020-03-02,3.203562887862871,2.6386458790199776
2020-03-03,3.1065900675975877,2.5540313870931493
2020-03-04,3.230139659807206,2.660592281538243
2020-03-05,3.1315109175759126,2.5797572738935646
2020-03-06,3.076698950918298,2.536231073228015
2020-03-09,2.852550525887329,2.360053226239249
2020-03-10,3.009878546327579,2.4885603299477994
2020-03-11,2.8835117943068314,2.3801704719987793
2020-03-12,2.6088446453214913,2.161929556496642
2020-03-13,2.8240926943348805,2.3450568463849417
2020-03-16,2.439224635417588,2.0641478414742402
2020-03-17,2.5619796849526004,2.2206958313295226
2020-03-18,2.428934606716372,2.1531509568383744
2020-03-19,2.531003062967354,2.166074099111308
2020-03-20,2.4541707235679002,2.0812166858906886
2020-03-23,2.4659894747469764,2.08271943527853
2020-03-24,2.7170939589696914,2.2440004286391644
2020-03-25,2.718951899961919,2.2273832207092625
2020-03-26,2.8194272955191266,2.344678066961052
2020-03-27,2.725379595782509,2.2640374736533304
2020-03-30,2.805290911259923,2.346388565267608
2020-03-31,2.8182540903861586,2.32635074723421
2020-04-01,2.6662686426835767,2.227505357747986
2020-04-02,2.6801024668494327,2.2727124887344528
2020-04-03,2.661243760801284,2.2404567152229036
2020-04-06,2.8662104010526552,2.4006378954705996
2020-04-07,2.885224144668029,2.399660412651194
2020-04-08,2.942842072275525,2.450609723750948
2020-04-09,2.9668384707660893,2.4541536304220175
2020-04-13,3.0780756409965218,2.480667417075086
2020-04-14,3.243034458196103,2.5885536529941793
2020-04-15,3.2376794112791574,2.558863530315061
2020-04-16,3.2958831737115393,2.605537078785444
2020-04-17,3.3199707722348704,2.630462504170681
2020-04-20,3.277107923716785,2.5993059640076446
2020-04-21,3.115179040344173,2.5033932162344477
2020-04-22,3.2562737209177897,2.5776799779612216
2020-04-23,3.2297704136054586,2.572181685415764
2020-04-24,3.2945775850704146,2.6127464494018815
2020-04-27,3.3796420860402465,2.6337613637450694
2020-04-28,3.2961451831747817,2.5841553668164683
2020-04-29,3.4375129030285017,2.6757917721958706
2020-04-30,3.4382469624333716,2.6746923455925486
2020-05-01,3.29369649461496,2.5993059640076446
2020-05-04,3.3911223150157763,2.629607544899614
2020-05-05,3.429754354787055,2.6594198046174564
2020-05-06,3.46245484440871,2.6757917721958706
2020-05-07,3.498062317033872,2.7102481382073353
2020-05-08,3.576549016483643,2.7473911325611056
2020-05-11,3.604351030232623,2.771949760320556
2020-05-12,3.549340778824668,2.713913602152704
2020-05-13,3.490123710303436,2.679946364060558
2020-05-14,3.5275636730788023,2.7103700819912513
2020-05-15,3.5447345348988195,2.7279638064665184
2020-05-18,3.604545697464349,2.778791367037165
2020-05-19,3.595497149134694,2.7718270435174075
2020-05-20,3.6740442897519916,2.8271758003237215
2020-05-21,3.6587747999919786,2.796386057786473
2020-05-22,3.6588370987898715,2.806038169177385
2020-05-26,3.6531549238234207,2.7984631604640087
2020-05-27,3.6668580928137526,2.8137366677131412
2020-05-28,3.649245057854866,2.810071010512965
2020-05-29,3.71252646449986,2.8512460731830833
2020-06-01,3.785273836083277,2.859798757970674
2020-06-02,3.7878819624183224,2.878981809987814
2020-06-03,3.8001344015701353,2.891932394443499
2020-06-04,3.7560981496642016,2.8716503023326534
2020-06-05,3.8377517662313076,2.928588000171224
2020-06-08,3.9233678911933896,2.9513136060757756
2020-06-09,3.9502799633129366,2.972694738280328
2020-06-10,3.9965643875505057,3.0083726679338385
2020-06-11,3.800827637107432,2.8593100165609706
2020-06-12,3.8310076987117743,2.8820356224655237
2020-06-15,3.875425040402542,2.917102093906183
2020-06-16,3.942289162835347,2.967197025499296
2020-06-17,3.955136241406922,2.97660486281276
2020-06-18,3.9606135438242194,2.9846686129358386
2020-06-19,3.9578002043655207,2.984180837800176
2020-06-22,4.007357081406567,3.019968342929884
2020-06-23,4.04169232227834,3.04567181217256
2020-06-24,3.9581118211523223,2.9828825519993125
2020-06-25,3.994564641198754,3.011278833738154
2020-06-26,3.889800081771981,2.940166861998964
2020-06-29,3.9368568238072736,2.972234598582224
2020-06-30,4.012500985709863,3.0304951255822887
2020-07-01,4.061067907505327,3.0658667463649496
2020-07-02,4.092879190999577,3.0866733320249984
2020-07-06,4.191998080590175,3.1625585042696267
2020-07-07,4.163260847909019,3.140772116732475
2020-07-08,4.21670485205379,3.1821410139751243
2020-07-09,4.25278575262401,3.20894622887882
2020-07-10,4.284159189832308,3.2308545601998873
2020-07-13,4.196032359619715,3.1643946182014524
2020-07-14,4.225731709759346,3.1867920774418397
2020-07-15,4.234333799438775,3.1932792548403808
2020-07-16,4.205446020379184,3.1714938335772693
2020-07-17,4.210314421824899,3.1751652884216885
2020-07-20,4.329764256854459,3.2652471521246773
2020-07-21,4.284646081228606,3.231221744335291
2020-07-22,4.29973843322068,3.2426034862587616
2020-07-23,4.187430269940286,3.1579074408029117
2020-07-24,4.1476671308978155,3.1279204787385404
2020-07-27,4.221676929462706,3.1837342066131606
2020-07-28,4.1679546140883845,3.143220075386768
2020-07-29,4.215994138092025,3.1794485879885763
2020-07-30,4.238067487672488,3.1960949773945018
2020-07-31,4.31369786581116,3.2531308486755908
2020-08-03,4.371961852878417,3.297070034866066
2020-08-04,4.388192249444681,3.3093100213923408
2020-08-05,4.399065815617153,3.317510209409944
2020-08-06,4.457330827718929,3.3614501686196516
2020-08-07,4.405881782648058,3.322650400795978
2020-08-10,4.387055486163641,3.3084527430635777
2020-08-11,4.303959012850691,3.2457863929482866
2020-08-12,4.412212908351704,3.3274249540850733
2020-08-13,4.422275672220026,3.335013683889825
2020-08-14,4.417080797280161,3.3310960224198767
2020-08-17,4.468366349345327,3.369772493675978
2020-08-18,4.5113762852252135,3.402207994159067
2020-08-19,4.481026550683581,3.379320054215704
2020-08-20,4.54318515640396,3.4261963269797917
2020-08-21,4.574670116674854,3.4499403857230693
2020-08-24,4.60323629115426,3.4714832722020064
2020-08-25,4.639428209934201,3.4987770352605954
2020-08-26,4.738430656388304,3.573438711315098
2020-08-27,4.7236604214936735,3.5622998906854177
2020-08-28,4.747680567883438,3.580414436868534
2020-08-31,4.785819027214052,3.6091761634495056
2020-09-01,4.867617294309294,3.670863484706925
2020-09-02,4.913709508986375,3.7056234540219273
2020-09-03,4.664584094570488,3.517748086753243
2020-09-04,4.602423951298332,3.4708706544603065
2020-09-08,4.381212789408071,3.3040465334387346
2020-09-09,4.544902385850613,3.4011060552432397
2020-09-10,4.470694322505206,3.3332991272322983
2020-09-11,4.44491763252706,3.3101657536826394
2020-09-14,4.57594352145486,3.3678148224698523
2020-09-15,4.672898500210653,3.4155479870530874
2020-09-16,4.597284879989761,3.361082984484248
2020-09-17,4.510300863144789,3.3085748801023014
2020-09-18,4.4847461676130695,3.2663494775501203
2020-09-21,4.509963384848953,3.274183254451552
2020-09-22,4.548631944630075,3.335013683889825
2020-09-23,4.366042877704425,3.2331796087962243
2020-09-24,4.3951424632402025,3.248234158347772
2020-09-25,4.514542917728152,3.323752726221421
2020-09-28,4.616200976464128,3.3927841166965296
2020-09-29,4.594339685775101,3.3774837470290695
2020-09-30,4.637156671606716,3.400616347559496
2020-10-01,4.725331927470931,3.4545924154638246
2020-10-02,4.564235982283312,3.3574107566205957
2020-10-05,4.666124559777725,3.429011663024297
2020-10-06,4.57475915642077,3.3678148224698523
2020-10-07,4.659337030650658,3.4260749629603002
2020-10-08,4.680440665009898,3.44431164618214
2020-10-09,4.754554062763518,3.4969407280739615
2020-10-12,4.902581939415256,3.604893636901851
2020-10-13,4.901289628353469,3.604771113353511
2020-10-14,4.887050061316898,3.5746616277408
2020-10-15,4.8425813640392565,3.5506721353912263
2020-10-16,4.804926279133851,3.5312117627244524
2020-10-19,4.721975517127012,3.473562693937239
2020-10-20,4.721790084476457,3.4810296732128836
2020-10-21,4.718347266542176,3.4783372472263343
2020-10-22,4.7200381562135,3.478214723677994
2020-10-23,4.719410842841778,3.485068698702323
2020-10-26,4.660183949477192,3.4328056414170565
2020-10-27,4.699424065711412,3.459610469811135
2020-10-28,4.511625563200508,3.3247313685696755
2020-10-29,4.592045516971663,3.3828689855117835
2020-10-30,4.451746136924684,3.297070034866066
2020-11-02,4.476362237557577,3.304413717574138
2020-11-03,4.575190434740489,3.361571919148759
2020-11-04,4.749560182833349,3.511628866509338
2020-11-05,4.883798331922095,3.603180239773173
2020-11-06,4.875741887869557,3.6058718927404896
2020-11-09,4.776355951587833,3.532191178091939
2020-11-10,4.689984691179675,3.468912596744565
2020-11-11,4.793646949626108,3.546510586353447
2020-11-12,4.767211643649397,3.529865549731178
2020-11-13,4.7978208180376445,3.5608315406534197
2020-11-16,4.830713585236665,3.588615397905369
2020-11-17,4.860469126418372,3.5772303706501605
2020-11-18,4.8876202195393095,3.5507934994107178
2020-11-19,4.936910861013482,3.5785777431722834
2020-11-20,4.902114559202411,3.554099702667815
2020-11-23,4.894938622135757,3.5542229992353875
2020-11-24,4.963123413984279,3.6041588821214274
2020-11-25,4.993949357664466,3.626312067284367
2020-11-27,5.038894421102375,3.6597258236060934
2020-11-30,5.053844679703093,3.6671908703336573
2020-12-01,5.123125551529288,3.7141915991941663
2020-12-02,5.130134438011553,3.7189646064447968
2020-12-03,5.136735650278061,3.7242288674176356
2020-12-04,5.155162922836172,3.739404394479058
2020-12-07,5.186053563363167,3.760579710312975
2020-12-08,5.204050843837153,3.773308244994145
2020-12-09,5.086679802207292,3.687876478483831
2020-12-10,5.109149452161423,3.7026871404675465
2020-12-11,5.0966632241223975,3.6944869524499437
2020-12-14,5.130447032334791,3.721289848295942
2020-12-15,5.1953775809290645,3.7610690314871027
2020-12-16,5.222324841106585,3.7817538666180437
2020-12-17,5.25658061220187,3.8064773407288084
2020-12-18,5.237221278193932,3.794972108982957
2020-12-21,5.231223757195717,3.787873473371565
2020-12-22,5.252387481787724,3.7981720220955952
2020-12-23,5.2253984431273794,3.7790444342083815
2020-12-24,5.249365280015116,3.795720391599948
2020-12-28,5.309398768535246,3.8339759538839915
2020-12-29,5.3141533897696664,3.8374093188048235
2020-12-30,5.314323599108015,3.8375322288627793
2020-12-31,5.3273986736903,3.8469738857676625
2021-01-04,5.252176851130288,3.7926553703433683
2021-01-05,5.295474253009696,3.8239209062181763
2021-01-06,5.222120986425072,3.770951695864086
2021-01-07,5.348454318193244,3.862178401050301
2021-01-08,5.4172253138797615,3.911838702579981
2021-01-11,5.3389461462233845,3.85531244422787
2021-01-12,5.330453877788698,3.849180082657014
2021-01-13,5.366453688098805,3.8751759464243563
2021-01-14,5.337756821852915,3.854453619860642
2021-01-15,5.295474253009696,3.8239209062181763
2021-01-19,5.372733770384459,3.8797108637513986
2021-01-20,5.497711850439746,3.969958926589359
2021-01-21,5.541689019173562,4.001715329676759
2021-01-22,5.525729485080719,3.990190772450097
2021-01-25,5.571406070950558,4.023174343568978
2021-01-26,5.5795557797105815,4.029059338985457
2021-01-27,5.42401655942995,3.916742736590508
2021-01-28,5.456110654199411,3.939918239688334
2021-01-29,5.341323189215849,3.857028933433478
2021-02-01,5.474788185210906,3.9534054927461324
2021-02-02,5.564104732634815,4.017901965894199
2021-02-03,5.542028367351275,4.001960376773439
2021-02-04,5.607574484850538,4.049291957865427
2021-02-05,5.626591364039746,4.063024258019905
2021-02-08,5.664286309489943,4.090244197741798
2021-02-09,5.6630969851194735,4.08938537337457
2021-02-10,5.650194260873503,4.080068172566108
2021-02-11,5.681267634862366,4.102506601825813
2021-02-12,5.71302131095513,4.125436284807727
2021-02-16,5.697569193380381,4.1142781386972365
2021-02-17,5.670230790344325,4.094536773539474
2021-02-18,5.645439104389591,4.07663442113566
2021-02-19,5.620818163022696,4.058855365299418
2021-02-22,5.475128068638111,3.9536509263524287
2021-02-23,5.458826510120097,3.9418793894810054
2021-02-24,5.51843749815109,3.974371706877678
2021-02-25,5.312798871739068,3.8358153531475554
2021-02-26,5.33130650912877,3.851878306287806
2021-03-01,5.5005132240303025,3.9677504106423105
2021-03-02,5.404299260002481,3.9041135348807052
2021-03-03,5.24226362289871,3.790815584570188
2021-03-04,5.1482349558202705,3.7287715149370024
2021-03-05,5.212940732252281,3.7849290431152443
2021-03-08,5.05044861518793,3.677762294846735
2021-03-09,5.333008746164494,3.8228174212638844
2021-03-10,5.314458140328913,3.811905095269306
2021-03-11,5.455395163220146,3.8996980490250728
2021-03-12,5.410281647970677,3.868064555995629
2021-03-15,5.478010075479824,3.9093862990651003
2021-03-16,5.479798136312347,3.930844539938087
2021-03-17,5.520556987250297,3.9470284705882124
2021-03-18,5.324440485976631,3.826129035655608
2021-03-19,5.344428949465109,3.8396170617326395
2021-03-22,5.44917865615373,3.9116218706852846
2021-03-23,5.4200782362949536,3.894556311600574
2021-03-24,5.307024652517242,3.828874413459579
2021-03-25,5.305231282334461,3.8222453870318867
2021-03-26,5.36148052093774,3.8795794504818857
2021-03-29,5.356421366069099,3.878474419489129
2021-03-30,5.3518659023464625,3.8589537513222254
2021-03-31,5.458519015365,3.9180062365259123
2021-04-01,5.542190240479864,3.9847935521692803
2021-04-05,5.663957477605569,4.064349986003521
2021-04-06,5.658355514146411,4.061525373728227
2021-04-07,5.659004975757363,4.071347742605081
2021-04-08,5.723431793497854,4.113826695465498
2021-04-09,5.748997596649624,4.138749608538229
2021-04-12,5.780890008365422,4.133347750142018
2021-04-13,5.897852096529733,4.181597678082132
2021-04-14,5.809726284169056,4.131383894782033
2021-04-15,5.8940736024078895,4.193995747041438
2021-04-16,5.901030840525342,4.1989082842635215
2021-04-19,5.831835163741661,4.160480338690647
2021-04-20,5.797236014489377,4.130155180712088
2021-04-21,5.862549089222612,4.165514239932222
2021-04-22,5.779100632212296,4.115300070122506
2021-04-23,5.852393997492469,4.167110138137571
2021-04-26,5.893847029225374,4.194242340176583
2021-04-27,5.843303374467888,4.176072136608732
2021-04-28,5.816970882540893,4.1619529403284234
2021-04-29,5.821460160200684,4.176931733995192
2021-04-30,5.8137813135757375,4.149554098349883
2021-05-03,5.765659813462462,4.127454638023599
2021-05-04,5.662750700941794,4.053178698566079
2021-05-05,5.643382365524045,4.039549209969513
2021-05-06,5.6756248293060185,4.0699980510252605
2021-05-07,5.72452709022117,4.103023751692308
2021-05-10,5.558180527606866,3.999404388681414
2021-05-11,5.541434831412942,3.9938792337176303
2021-05-12,5.388636959297129,3.8905049178034155
2021-05-13,5.411489604021529,3.9205854151949104
2021-05-14,5.53544503687925,4.0071396056307105
2021-05-17,5.494152616345002,3.98283124284776
2021-05-18,5.461138745384118,3.955942541866963
2021-05-19,5.454953034954865,3.9604859624055617
2021-05-20,5.570735245375628,4.037094873906552
2021-05-21,5.537710303040219,4.014750366483587
2021-05-24,5.643898980092035,4.082274369455459
2021-05-25,5.649567902793757,4.087922434477199
2021-05-26,5.679442242982304,4.102163381286615
2021-05-27,5.6697956518704595,4.086817016974826
2021-05-28,5.68138206616555,4.099707885694806
2021-06-01,5.663123637248369,4.086080329646322
2021-06-02,5.6576558892147695,4.094060593692299
2021-06-03,5.577310356994447,4.051459503793157
2021-06-04,5.6855826459761785,4.120211061306126
2021-06-07,5.706073301613494,4.132487766245942
2021-06-08,5.707275018369017,4.1344520081155425
2021-06-09,5.7045374528252815,4.135434515559959
2021-06-10,5.768196180175091,4.178527245690925
2021-06-11,5.781770544088238,4.189453486031687
2021-06-14,5.838791399924306,4.229599466848636
2021-06-15,5.788844760493573,4.201977170616263
2021-06-16,5.774066293893863,4.18663119281409
2021-06-17,5.850728938000415,4.239790565899358
2021-06-18,5.814360279254948,4.206519045116398
2021-06-21,5.8452457376678035,4.232662942066749
2021-06-22,5.897330767798225,4.27211861670914
2021-06-23,5.927121127741313,4.27420847420401
2021-06-24,5.979627469723494,4.300634909683815
2021-06-25,5.966398066883515,4.295349004172468
2021-06-28,6.046131410351998,4.347586938332681
2021-06-29,6.059372925873091,4.3633201987703005
2021-06-30,6.049825486791732,4.3564368490151395
2021-07-01,6.050523067756228,4.358158362845758
2021-07-02,6.114352874526883,4.408183529453144
2021-07-06,6.122386853696326,4.427235747965196
2021-07-07,6.1218158723395675,4.43657729887948
2021-07-08,6.094803782269169,4.40978174671619
2021-07-09,6.132909938505929,4.4373143727176005
2021-07-12,6.178504331794242,4.454645850418266
2021-07-13,6.164322198793953,4.454645850418266
2021-07-14,6.161857933887926,4.4626353906950325
2021-07-15,6.1200753319732195,4.431292166387365
2021-07-16,6.0695884768664445,4.395401269935321
2021-07-19,6.025872035615417,4.359387076915704
2021-07-20,6.101468983590307,4.4100275668321025
2021-07-21,6.140055504338431,4.444075585434037
2021-07-22,6.172078594715716,4.473451475795174
2021-07-23,6.233025930451623,4.52568902344577
2021-07-26,6.249285538926867,4.529253801636115
2021-07-27,6.1758072652903575,4.4793503855578365
2021-07-28,6.199304212579207,4.496558953200546
2021-07-29,6.234468873103815,4.504548493477312
2021-07-30,6.213034585063629,4.481071899388454
2021-08-02,6.232070741311336,4.481441402581556
2021-08-03,6.266347682148579,4.508604525389865
2021-08-04,6.275529280806995,4.515118758461541
2021-08-05,6.31467507452614,4.543758734513405
2021-08-06,6.276754941472266,4.52384614559566
2021-08-09,6.299400327306437,4.532204416046294
2021-08-10,6.2670197720715946,4.508974028582966
2021-08-11,6.25547110682253,4.501230308422112
2021-08-12,6.287835537202607,4.517454436072324
2021-08-13,6.30361261143187,4.533310993077516
2021-08-16,6.280469588773608,4.535277554004814
2021-08-17,6.213235025964854,4.495329466111368
2021-08-18,6.177970832265661,4.452063966181955
2021-08-19,6.192241667849247,4.473573999343514
2021-08-20,6.256230489167385,4.519913796760296
2021-08-23,6.362914234152786,4.587515874674644
2021-08-24,6.382375172604783,4.601527234772028
2021-08-25,6.391275345303889,4.606814299812224
2021-08-26,6.3461243671746095,4.577560159980195
2021-08-27,6.411068319828851,4.622053600960322
2021-08-30,6.492108218669543,4.6739247374947475
2021-08-31,6.491281599481981,4.670112979659642
2021-09-01,6.499690196817618,4.677857086330112
2021-09-02,6.4954986210827546,4.675645091796517
2021-09-03,6.514590308789812,4.690025955087003
2021-09-07,6.538942641327089,4.696662325197402
2021-09-08,6.519135361910666,4.680316060508467
2021-09-09,6.499668875559232,4.664214069896979
2021-09-10,6.4397102593161994,4.628814813676759
2021-09-13,6.441246098759136,4.625618765660283
2021-09-14,6.425908920213159,4.612466616439742
2021-09-15,6.478483617341216,4.646760841667206
2021-09-16,6.483469081431048,4.649957276193298
2021-09-17,6.41616411969592,4.5948904781520135
2021-09-20,6.272324089285186,4.499945550457816
2021-09-21,6.286910350785725,4.50548191420047
2021-09-22,6.350306029893794,4.5475654677235
2021-09-23,6.404570505819507,4.5895253381693415
2021-09-24,6.427145299287561,4.593832214822818
2021-09-27,6.394974795226819,4.557162114984485
2021-09-28,6.221115296589187,4.4282058871018934
2021-09-29,6.2150693855984755,4.420946463490156
2021-09-30,6.189788695924957,4.40470339686875
2021-10-01,6.223987666173141,4.432021123523545
2021-10-04,6.112011579199513,4.338994829564236
2021-10-05,6.185021551570779,4.397566883314969
2021-10-06,6.222305900352465,4.425746139904306
2021-10-07,6.282434235486379,4.4663512941453165
2021-10-08,6.247667490520344,4.444080610059047
2021-10-11,6.21005907204635,4.409995486533957
2021-10-12,6.202070636387886,4.394613949847092
2021-10-13,6.250834134850025,4.429806036913021
2021-10-14,6.359591948232882,4.5113881676458405
2021-10-15,6.415822248445081,4.539812857841473
2021-10-18,6.495712403882481,4.585463895122162
2021-10-19,6.5346006271851635,4.620164728465882
2021-10-20,6.5282693384818185,4.61413517845294
2021-10-21,6.587073829578651,4.642313662023043
2021-10-22,6.531727185532017,4.603307498064312
2021-10-25,6.598596268281173,4.650434229059706
2021-10-26,6.619375047793841,4.665078305398834
2021-10-27,6.63474031029401,4.675907145316311
2021-10-28,6.708419203674732,4.727833166216238
2021-10-29,6.741419117125857,4.751090222843086
2021-11-01,6.764465639810107,4.76733251644526
2021-11-02,6.792751279911072,4.787267136411129
2021-11-03,6.864861125356148,4.838087353299067
2021-11-04,6.952859432088743,4.900105140278351
2021-11-05,6.95949264941892,4.9047799740864635
2021-11-08,6.950065199571402,4.898135873783739
2021-11-09,6.90222431926026,4.864419480432516
2021-11-10,6.800781339286717,4.792926410211739
2021-11-11,6.819638981113761,4.8062165433652675
2021-11-12,6.891398382088067,4.8567897806084455
2021-11-15,6.889827688873216,4.855682817067607
2021-11-16,6.938889366354839,4.890259580824524
2021-11-17,6.942556693703899,4.892844170628148
2021-11-18,7.01449104270039,4.9435407044389
2021-11-19,7.05360042626794,4.971103478190375
2021-11-22,6.971714331783779,4.913393340883799
2021-11-23,6.939936312355939,4.890997427681877
2021-11-24,6.962286333509859,4.906748854071458
2021-11-26,6.8302905186901715,4.8137233331313825
2021-11-29,6.978523593988943,4.918192244278716
2021-11-30,6.876034764867104,4.845962100219817
2021-12-01,6.759053219650411,4.763518053042841
2021-12-02,6.80776664636687,4.79784938319346
2021-12-03,6.6893888075311105,4.714421282533602
2021-12-06,6.74299035876711,4.7521975728935395
2021-12-07,6.94604742775157,4.895304304335354
2021-12-08,6.977127300369875,4.917208190795834
2021-12-09,6.874462974799449,4.844854363659747
2021-12-10,6.949192104739683,4.8975205504747255
2021-12-13,6.8487966191936405,4.826765713620918
2021-12-14,6.778656369192168,4.776808572705986
2021-12-15,6.9316424036071025,4.885706884055136
2021-12-16,6.744903180516687,4.760072706323906
2021-12-17,6.7148930965171045,4.73632439597485
2021-12-20,6.64139957753639,4.6903803844050715
2021-12-21,6.796573390058973,4.795352531072716
2021-12-22,6.900222750232179,4.853754907101931
2021-12-23,6.970144193207198,4.890345772468939
2021-12-27,7.08863911927212,4.971169957844363
2021-12-28,7.055643233106311,4.948129733112212
2021-12-29,7.0538396818098414,4.947391113235626
2021-12-30,7.028294401291504,4.932606733905812
2021-12-31,6.981968032819375,4.901803850041613
2022-01-03,7.09624742428166,4.948992036065985
2022-01-04,6.991934453870259,4.884800519005113
2022-01-05,6.767869179515249,4.7347354549425935
2022-01-06,6.755085147806328,4.731407993656604
2022-01-07,6.672623366774115,4.680154112979273
2022-01-10,6.687816028539345,4.683233821601268
2022-01-11,6.784873068239871,4.753585142415749
2022-01-12,6.825101600263276,4.772435602908137
2022-01-13,6.637715245836704,4.653048193594164
2022-01-14,6.685658303918995,4.682002015454395
2022-01-18,6.51711581128673,4.5654477216272715
2022-01-19,6.4303059601753105,4.515303123548475
2022-01-20,6.344202430433979,4.4566564734418135
2022-01-21,6.158188837569205,4.333078526868844
2022-01-24,6.185473528846984,4.352914973392195
2022-01-25,6.035260837259901,4.252008134867893
2022-01-26,6.03856166930701,4.2453551448439955
2022-01-27,5.934840393367132,4.202601383646449
2022-01-28,6.117880665210926,4.334433629583291
2022-01-31,6.38649300296654,4.473042162111603
2022-02-01,6.426093371726147,4.50347361023462
2022-02-02,6.462717805065615,4.54006640814971
2022-02-03,6.123978621359888,4.355995841543039
2022-02-04,6.246272880211216,4.410946300189844
2022-02-07,6.18537104406019,4.375462784873289
2022-02-08,6.23768444016204,4.4246210104115065
2022-02-09,6.409218139507956,4.518382832170471
2022-02-10,6.260454614316698,4.416119731402873
2022-02-11,6.016946016677423,4.276033572611774
2022-02-14,6.038193541257119,4.2813314599212235
2022-02-15,6.235108810556882,4.38778277889012
2022-02-16,6.222289209257687,4.386673496291585
2022-02-17,5.9855823603976415,4.25619751259804
2022-02-18,5.897803845995525,4.207653837349603
2022-02-22,5.809798054737236,4.1653928759127306
2022-02-23,5.626918554375978,4.0586968963567704
2022-02-24,5.852430761848314,4.1950864771783944
2022-02-25,5.940812231144216,4.260138751154576
2022-02-28,6.002224750227812,4.27283018091259
2022-03-01,5.885593703942568,4.207406857704841
2022-03-02,5.995185548304324,4.278004771654467
2022-03-03,5.873167710563292,4.2168941227444385
2022-03-04,5.784576605507884,4.155783087324794
2022-03-07,5.524796777090408,4.002513472034241
2022-03-08,5.539984366495979,3.9839088316577658
2022-03-09,5.765254536007504,4.1273224517348535
2022-03-10,5.704709445984455,4.081488981915312
2022-03-11,5.551385804205087,3.9968460815316913
2022-03-14,5.437643865292305,3.9200875908092265
2022-03-15,5.6416739303178,4.043048668034717
2022-03-16,5.8981438035581615,4.192991981568129
2022-03-17,5.9978695408808695,4.243753062484787
2022-03-18,6.187049460330131,4.330614528065478
2022-03-21,6.17092340339973,4.31857398050117
2022-03-22,6.317697067593552,4.4034464675968215
2022-03-23,6.2290210135942985,4.340162088605203
2022-03-24,6.412542551928343,4.436630250696901
2022-03-25,6.409414006093874,4.432929034612033
2022-03-28,6.552879813490064,4.50151748506696
2022-03-29,6.663411794993806,4.578987153483259
2022-03-30,6.57784990819426,4.5284100511439185
2022-03-31,6.47630589691492,4.4722815111868925
2022-04-01,6.473733091088098,4.463769796418621
2022-04-04,6.662797785626182,4.555672120413979
2022-04-05,6.488006607597082,4.454517142716067
2022-04-06,6.284799195140879,4.357803160508457
2022-04-07,6.292028273711825,4.368167029357628
2022-04-08,6.182894540677989,4.307102761601545
2022-04-11,5.999101804739455,4.205207231478966
2022-04-12,5.969625626015505,4.187444022536989
2022-04-13,6.094318525510696,4.272561556729321
2022-04-14,5.933566679563417,4.174859655942667
2022-04-18,5.968841774848179,4.178068458776479
2022-04-19,6.114945997164892,4.271451114601937
2022-04-20,5.915351199438491,4.209154654189363
2022-04-21,5.759930563788036,4.122062442367793
2022-04-22,5.62646698126043,4.014123061376471
2022-04-25,5.6968950847294835,4.065687309275622
2022-04-26,5.410661429508977,3.912228690782741
2022-04-27,5.365736916360106,3.907539942628445
2022-04-28,5.68657912950823,4.0463200854263555
2022-04-29,5.433944049836771,3.864240816362421
2022-05-02,5.5978433143561315,3.9287585475393785
2022-05-03,5.6098767661056215,3.932952949894536
2022-05-04,5.82299609492105,4.065934288920383
2022-05-05,5.457682291018651,3.861157242644263
2022-05-06,5.387387454984566,3.8148982257372697
2022-05-09,5.103865425337813,3.665631690541848
2022-05-10,5.175707540015377,3.7101653285220615
2022-05-11,4.961876726202062,3.600128746353161
2022-05-12,4.944192063626876,3.5916154855464244
2022-05-13,5.203032342222309,3.724721280668692
2022-05-16,5.10745618192054,3.681546610499089
2022-05-17,5.279047182062411,3.776902397915322
2022-05-18,4.967740628569581,3.5914933485077007
2022-05-19,4.959218310507863,3.572248261697158
2022-05-20,4.894867084828274,3.561146159481018
2022-05-23,4.968543805514056,3.6203590461754342
2022-05-24,4.741869999894046,3.5433829505390406
2022-05-25,4.864581932336326,3.592972907318569
2022-05-26,5.069747113741325,3.6925246431284244
2022-05-27,5.27817312811469,3.813046844675603
2022-05-31,5.293579227111401,3.8029318880192746
2022-06-01,5.233659005790839,3.774804810228127
2022-06-02,5.457433742051768,3.8781810586904215
2022-06-03,5.226511912366593,3.7772734471468876
2022-06-06,5.284484674023277,3.7898547216642795
2022-06-07,5.3057971179044525,3.8225449319844533
2022-06-08,5.283403552433142,3.7950362695792483
2022-06-09,5.10111795394565,3.6933884921206634
2022-06-10,4.871574087434533,3.5631200640910246
2022-06-13,4.579168140373399,3.3974485147450038
2022-06-14,4.599961413133146,3.403616821710168
2022-06-15,4.779577869755728,3.4886110593349273
2022-06-16,4.538241579565548,3.3478589444750906
2022-06-17,4.614275195699856,3.3885661372547826
2022-06-21,4.741472290414112,3.4740585857748423
2022-06-22,4.719902630333958,3.4689914447062726
2022-06-23,4.771835155144544,3.5206546390671747
2022-06-24,4.996525854062132,3.641284676797276
2022-06-27,4.9407744035400425,3.6145869115668896
2022-06-28,4.718968561286099,3.504463364734341
2022-06-29,4.7153351492408495,3.5076760326643135
2022-06-30,4.625375575553863,3.464171283282464
2022-07-01,4.626340284270465,3.4870360326488536
2022-07-05,4.769477122343496,3.546732442873154
2022-07-06,4.802130831263134,3.5694746686912042
2022-07-07,4.944031492984719,3.6458586315955572
2022-07-08,4.953320911112093,3.6504310403553717
2022-07-11,4.7637592660330865,3.572441516505265
2022-07-12,4.72004163589762,3.537834218488668
2022-07-13,4.736595430030936,3.530542714578785
2022-07-14,4.732709230439172,3.5431487257116148
2022-07-15,4.837125935575302,3.6074194772438117
2022-07-18,4.850596882318994,3.576890628697508
2022-07-19,5.0377733538085,3.6868916519817168
2022-07-20,5.177039246722996,3.7453531639822124
2022-07-21,5.2994438637266965,3.7991185841457042
2022-07-22,5.137319026400224,3.7324994001853895
2022-07-25,5.077665757835271,3.7112398252551366
2022-07-26,4.90762325159677,3.6383186020024483
2022-07-27,5.2021579252250465,3.792073673370966
2022-07-28,5.214985322613196,3.829151540854405
2022-07-29,5.386603632972393,3.8989845522735407
2022-08-01,5.401171322537065,3.8966353468261907
2022-08-02,5.401610596871654,3.885017640782021
2022-08-03,5.5728520370059345,3.990816531518748
2022-08-04,5.629223980647715,4.009480307866505
2022-08-05,5.512297939112575,3.9767263234596553
2022-08-08,5.453318163851362,3.9638717866435997
2022-08-09,5.3627208467331755,3.919006523412675
2022-08-10,5.582916828052555,4.028389904330173
2022-08-11,5.5212330741226845,4.005523995434935
2022-08-12,5.676450533317788,4.083514292304275
2022-08-15,5.735026832600903,4.116514096827037
2022-08-16,5.717137551504564,4.106874160489035
2022-08-17,5.623377103186459,4.0600307410423255
2022-08-18,5.64625627350739,4.069795133476748
2022-08-19,5.4802257572574735,3.9904458687967983
2022-08-22,5.308872395352413,3.8853898495424355
2022-08-23,5.326765999802067,3.882175249064381
2022-08-24,5.345364574866333,3.8934222923866013
2022-08-25,5.462113824897338,3.9622658391882295
2022-08-26,5.1920485152242275,3.7998599095896033
2022-08-29,5.119034684695315,3.7624094468361338
2022-08-30,5.043515862629187,3.720510258400038
2022-08-31,5.021794406419784,3.6988807937670685
2022-09-01,4.986323375075885,3.7004875142416713
2022-09-02,4.895918650087542,3.64820551798521
2022-09-06,4.867128030065891,3.6220040311020423
2022-09-07,4.972626539845184,3.6951730070187248
2022-09-08,5.015967419743175,3.7143299696367706
2022-09-09,5.16519426971985,3.7955340939649327
2022-09-12,5.230421865059089,3.840645563821386
2022-09-13,4.875035958115368,3.630038019984673
2022-09-14,4.921488875869636,3.6588360784695686
2022-09-15,4.857456644444284,3.5979024509637667
2022-09-16,4.828319587384126,3.575902323608848
2022-09-19,4.8850653111644355,3.603748408909008
2022-09-20,4.834597232307253,3.575022627722344
2022-09-21,4.741446183404937,3.511008518575314
2022-09-22,4.657053478792303,3.4677963569729378
2022-09-23,4.5540679170673934,3.4113338727075027
2022-09-26,4.5242955952278106,3.3972189280329723
2022-09-27,4.537937406066428,3.3985809879205116
2022-09-28,4.656464007426811,3.4661857714021727
2022-09-29,4.476443971199557,3.3662637593799847
2022-09-30,4.416752722206745,3.309184405767071
2022-10-03,4.443793102964245,3.3868179542606454
2022-10-04,4.592003821285096,3.4933028995661526
2022-10-05,4.559495316003611,3.4914449478410106
2022-10-06,4.533770152563015,3.4639579299743137
2022-10-07,4.301552380092164,3.33196760160444
2022-10-10,4.258353780877823,3.2986593624079394
2022-10-11,4.179085132097384,3.253341496416428
2022-10-12,4.177146709520417,3.252226802683266
2022-10-13,4.267507689105548,3.328499837327765
2022-10-14,4.078159353103497,3.2284533692091557
2022-10-17,4.294131211588565,3.335061997591852
2022-10-18,4.322396609001311,3.3614358677638516
2022-10-19,4.316201420583343,3.349176942266382
2022-10-20,4.2685985080344215,3.332089352133547
2022-10-21,4.356790007413578,3.410219565483957
2022-10-24,4.379820452854762,3.4477372809106477
2022-10-25,4.524568202111162,3.5190568083137443
2022-10-26,4.343516021086588,3.441298417214133
2022-10-27,4.129333233127999,3.378646367954642
2022-10-28,4.198162638472516,3.482034984724657
2022-10-31,4.115181097795598,3.4415457833685106
2022-11-01,4.056660253480842,3.4063807519757163
2022-11-02,3.8901270873846094,3.2896200620135354
2022-11-03,3.825819097644717,3.22535839345732
2022-11-04,3.8986557041384655,3.2772389994773423
2022-11-07,3.9256094642750488,3.313270198920073
2022-11-08,3.9233575290966165,3.337415454644981
2022-11-09,3.8003320348840655,3.260399548518117
2022-11-10,4.193600973804266,3.500978980544169
2022-11-11,4.312420716945706,3.5654893680384183
2022-11-14,4.2631450608330885,3.5342872197406696
2022-11-15,4.3335754059205005,3.5831953735571958
2022-11-16,4.233369497299054,3.5342872197406696
2022-11-17,4.179831755818847,3.5264855231373837
2022-11-18,4.146973476100066,3.5266095927241885
2022-11-21,4.061985269372612,3.490331413636697
2022-11-22,4.1412942215765804,3.5406016273407626
2022-11-23,4.2371016606130665,3.5761377079651226
2022-11-25,4.200328203464824,3.552612027155006
2022-11-28,4.140720939244148,3.5004838617257974
2022-11-29,4.100503901281753,3.4739870814958427
2022-11-30,4.3720588013424475,3.6323508935280993
2022-12-01,4.386304348562021,3.636808122422283
2022-12-02,4.372611847126047,3.6223217420065703
2022-12-05,4.268579299422626,3.5615272579626054
2022-12-06,4.127272341653882,3.4877302039195746
2022-12-07,4.100204518820718,3.4734915761678558
2022-12-08,4.181851997282553,3.514599192909945
2022-12-09,4.17206159966306,3.4921882058329907
2022-12-12,4.193850303265965,3.5360199423501584
2022-12-13,4.271297508735047,3.5740323900856033
2022-12-14,4.228900554126904,3.547535609855647
2022-12-15,4.083088357457731,3.42842223585957
2022-12-16,4.034701165474572,3.395733571577861
2022-12-19,3.9416860131688125,3.34801122926388
2022-12-20,3.9161206838283484,3.3454042219025144
2022-12-21,3.980101488094978,3.393933982804767
2022-12-22,3.8086508854440044,3.310900508463063
2022-12-23,3.821146434098153,3.318347389238664
2022-12-27,3.673693253827976,3.2714316924937226
2022-12-28,3.643220735852009,3.2282396293913895
2022-12-29,3.781490219349795,3.3069283491372286
2022-12-30,3.7821123010113578,3.304942462729119
2023-01-03,3.75311895030734,3.282601820402316
2023-01-04,3.7775795808844395,3.298240772493579
2023-01-05,3.693450812252601,3.246608885411591
2023-01-06,3.796812524277197,3.3362195938924137
2023-01-09,3.878275261333401,3.3578162052080045
2023-01-10,3.937972362769658,3.38623857634594
2023-01-11,4.039211572860827,3.4448210658563108
2023-01-12,4.092718726545252,3.4634388475597375
2023-01-13,4.146711881029611,3.4872687114378147
2023-01-17,4.192559021845091,3.494342996943385
2023-01-18,4.13754948511093,3.44891729476895
2023-01-19,4.10303849172754,3.415032769734674
2023-01-20,4.280764679720705,3.5084919544641426
2023-01-23,4.431632579139907,3.586436256689153
2023-01-24,4.413748056263145,3.579114605029205
2023-01-25,4.398983702860251,3.5711702863775363
2023-01-26,4.555200841325966,3.6407992207193116
2023-01-27,4.706184678409228,3.677040681393263
2023-01-30,4.534809432584161,3.6026959432240564
2023-01-31,4.6324328075478425,3.656685538964952
2023-02-01,4.796479343962834,3.7348787533828047
2023-02-02,5.188872317171057,3.868922993853241
2023-02-03,5.041606733628626,3.800162933128715
2023-02-06,5.0238249459434225,3.768016541838554
2023-02-07,5.172991816541903,3.8460860731792184
2023-02-08,5.072754098051242,3.777698221215107
2023-02-09,5.020745670634782,3.744311520566515
2023-02-10,4.900531317452797,3.71973607963876
2023-02-13,4.987965383061745,3.779311898862802
2023-02-14,5.102145593368984,3.807237605143902
2023-02-15,5.1202338434707775,3.836404393802666
2023-02-16,4.963264045865707,3.7644181373115995
2023-02-17,4.925894524769677,3.737857196485352
2023-02-21,4.7906217856501785,3.64936234126654
2023-02-22,4.810429112850452,3.6520934182147102
2023-02-23,4.98316634233033,3.6839912838216446
2023-02-24,4.890803051655919,3.6223055086026887
2023-02-27,4.942875298899894,3.6482453284756806
2023-02-28,4.951785387219938,3.643529524648249
2023-03-01,4.879787353555859,3.614239439421913
2023-03-02,4.902267902600211,3.644149099563041
2023-03-03,5.062517040535411,3.719488326974767
2023-03-06,5.036280236738254,3.723708625474211
2023-03-07,4.981936811174354,3.6780336245973175
2023-03-08,5.02269662355015,3.696402880617519
2023-03-09,4.9029923300129505,3.632359396739656
2023-03-10,4.832829426496508,3.581347084572459
2023-03-13,4.875102898268477,3.607909184927555
2023-03-14,5.087034483776818,3.6908174301536056
2023-03-15,5.140816324756438,3.710179242868245
2023-03-16,5.347306921565493,3.807982795683963
2023-03-17,5.299945887881736,3.789985748424176
2023-03-20,5.307474878906027,3.803436283068434
2023-03-21,5.445567780106863,3.8577578905696583
2023-03-22,5.396563157718834,3.8053000324378194
2023-03-23,5.488940907091479,3.8504238706019915
2023-03-24,5.471307833486558,3.8645952456804893
2023-03-27,5.415351068537678,3.8381185639505766
2023-03-28,5.370311655472151,3.8177313412241203
2023-03-29,5.485444735327132,3.8873432691427827
2023-03-30,5.546958160068233,3.9241382115871524
2023-03-31,5.669418829878468,3.989400746794555
2023-04-03,5.641792221321831,3.9797043800525866
2023-04-04,5.629696605703259,3.9662789685333824
2023-04-05,5.52363186037967,3.9271212928050945
2023-04-06,5.602572036736294,3.9535991340638557
2023-04-10,5.604103803351218,3.951361629895591
2023-04-11,5.542534317878308,3.9260027339757704
2023-04-12,5.463722135474219,3.891320839603244
2023-04-13,5.590489851305735,3.9675219834591275
2023-04-14,5.611531710934884,3.960063120885424
2023-04-17,5.6079057554717435,3.963419570392629
2023-04-18,5.619800044807331,3.963668482585471
2023-04-19,5.629291525541321,3.9618028006680044
2023-04-20,5.510470518835381,3.93159668765124
2023-04-21,5.541872335113118,3.9356991007177387
2023-04-24,5.518532061301966,3.9274946610943577
2023-04-25,5.381285227784388,3.8534069518199336
2023-04-26,5.468344783257314,3.8767764827450995
2023-04-27,5.746379264746193,3.9821892503752285
2023-04-28,5.764448723506506,4.009661967386125
2023-05-01,5.801410887926824,4.005063275972407
2023-05-02,5.738093733158835,3.970132082897423
2023-05-03,5.701873327140468,3.944152066024346
2023-05-04,5.670232871873914,3.93022960313869
2023-05-05,5.800031005558224,4.013764380452624
2023-05-08,5.844671493490614,4.023708499858586
2023-05-09,5.8029132027098775,3.99822553435196
2023-05-10,5.888201793849398,4.04173337581074
2023-05-11,5.9386174912771885,4.054910261646718
2023-05-12,5.887141750188321,4.040365904788574
2023-05-15,5.944375493441326,4.062244281614385
2023-05-16,6.000896670729378,4.066842973028103
2023-05-17,6.129715807088886,4.116069224258774
2023-05-18,6.2930910383235705,4.1925177342690345
2023-05-19,6.256856849095955,4.183070666229525
2023-05-22,6.300005781700125,4.197117585211601
2023-05-23,6.22369843341239,4.143913377010852
2023-05-24,6.222344838634778,4.12265689415753
2023-05-25,6.683367904259191,4.222973532497874
2023-05-26,6.889699683710381,4.330872329979493
2023-05-30,6.948018568500606,4.350512816127423
2023-05-31,6.94278128065919,4.325775814180091
2023-06-01,7.059783080028165,4.375747642460439
2023-06-02,7.131322851325775,4.408564627934731
2023-06-05,7.162941417730607,4.411671778739478
2023-06-06,7.194374501142098,4.4109258151801845
2023-06-07,7.038624924719617,4.336092915365699
2023-06-08,7.149295063856027,4.389918244519705
2023-06-09,7.203121526963189,4.406700105546113
2023-06-12,7.344100133714257,4.481160410090568
2023-06-13,7.413204670304264,4.515593392270252
2023-06-14,7.433201491824523,4.548410377744545
2023-06-15,7.534904422311319,4.602608688678196
2023-06-16,7.51152850692737,4.573644431058328
2023-06-20,7.593501113882416,4.567096958159658
2023-06-21,7.441811752367074,4.504859247208748
2023-06-22,7.580452028706712,4.558010503592075
2023-06-23,7.519552706466353,4.512825596908542
2023-06-26,7.309291367423572,4.452328338759445
2023-06-27,7.464186920814878,4.5288815928757
2023-06-28,7.5005227449291745,4.537720294779289
2023-06-29,7.465097889682386,4.52863345370209
2023-06-30,7.584313634944998,4.598466078611611
2023-07-03,7.675833086004115,4.609296078057936
2023-07-05,7.744434294278621,4.60917007592305
2023-07-06,7.652643446918214,4.5740680455976985
2023-07-07,7.633662357626962,4.558881696267022
2023-07-10,7.587663548680489,4.560375942443307
2023-07-11,7.643214671169632,4.582905974482055
2023-07-12,7.776596784370206,4.640788881587078
2023-07-13,7.9416692060477905,4.719583891477376
2023-07-14,7.943512091230286,4.71858708317716
2023-07-17,8.010941821631985,4.76265227150252
2023-07-18,8.04619880825842,4.801613213836156
2023-07-19,8.06749433014297,4.800493881987599
2023-07-20,7.721971976946071,4.68983231376928
2023-07-21,7.661370958619103,4.675766842325626
2023-07-24,7.695819700820941,4.683236140658966
2023-07-25,7.719087201091137,4.714977469871334
2023-07-26,7.759113812242456,4.699293296154973
2023-07-27,7.778421959656505,4.6880899284193855
2023-07-28,8.0111398104185,4.7734814979296125
2023-07-31,7.995976013454123,4.775971779386881
2023-08-01,7.953991017060402,4.764893254257331
2023-08-02,7.759659091707576,4.660331580802106
2023-08-03,7.781539938990008,4.652863055487997
2023-08-04,7.81962238425994,4.631079373518158
2023-08-07,7.906564712032852,4.670289614554251
2023-08-08,7.831416401037516,4.630581549132474
2023-08-09,7.6944811034468525,4.579669729465493
2023-08-10,7.724690546104746,4.58813390355097
2023-08-11,7.6693926803313595,4.558881696267022
2023-08-14,7.740837623231611,4.610042428126846
2023-08-15,7.6191419353878045,4.561123452041065
2023-08-16,7.482894233234795,4.512825596908542
2023-08-17,7.369971222457972,4.463531319985417
2023-08-18,7.317007398451517,4.457930022627239
2023-08-21,7.493895264443147,4.529753172060263
2023-08-22,7.487838188352928,4.5232818415559874
2023-08-23,7.616761774947881,4.594606780093711
2023-08-24,7.433581983200836,4.49639314057519
2023-08-25,7.5049810807773385,4.531247804746164
2023-08-28,7.558178989758529,4.565354572809763
2023-08-29,7.789799804432034,4.665061685485337
2023-08-30,7.799413084041502,4.691077261243105
2023-08-31,7.845954526420224,4.705143119196378
2023-09-01,7.7783556083323635,4.700163715810688
2023-09-05,7.85174724891104,4.706139154477361
2023-09-06,7.77284212627988,4.6646879306864575
2023-09-07,7.773471119126784,4.631328672220617
2023-09-08,7.768796062987629,4.637800389234509
2023-09-11,8.024148923538524,4.692446278303737
2023-09-12,7.904269059314208,4.640415126788199
2023-09-13,7.992108013366618,4.658090984556912
2023-09-14,8.081490449092406,4.696181507234832
2023-09-15,7.9207376575901165,4.615767795071829
2023-09-18,7.891384309149293,4.620579839793697
2023-09-19,7.882416004288155,4.610731574772556
2023-09-20,7.746362290067917,4.544288639197235
2023-09-21,7.566381330583348,4.461017461441559
2023-09-22,7.5273641449310995,4.461640901452513
2023-09-25,7.584481986291847,4.482832837199927
2023-09-26,7.455767293303226,4.415516389891962
2023-09-27,7.449914852512837,4.4258644118468675
2023-09-28,7.545418562262735,4.462887008455188
2023-09-29,7.548598522420981,4.466127505077528
2023-10-02,7.653740731591503,4.503401332936388
2023-10-03,7.4955691695967595,4.424368233122502
2023-10-04,7.667480555688604,4.484577928117135
2023-10-05,7.639271865546667,4.471363937358
2023-10-06,7.777041359145686,4.546284574855366
2023-10-09,7.810373858613454,4.5694705137128295
2023-10-10,7.872692393716546,4.594775684795997
2023-10-11,7.956929346792071,4.627560589972143
2023-10-12,7.902292322117057,4.611479470879931
2023-10-13,7.745955061723707,4.5535134642074215
2023-10-16,7.860784446594048,4.604997704616017
2023-10-17,7.864624457371219,4.589914166843253
2023-10-18,7.689550489067297,4.529704085339004
2023-10-19,7.530105293420471,4.487320600353792
2023-10-20,7.384243030153348,4.420378680863938
2023-10-23,7.438457339850936,4.433717127719493
2023-10-24,7.511988603594615,4.4768481223024645
2023-10-25,7.212425565798647,4.367274192144173
2023-10-26,7.032545859631684,4.284003014388497
2023-10-27,7.167785602312651,4.3045715101249575
2023-10-30,7.237488346356409,4.353063393084821
2023-10-31,7.26199811712818,4.373881960542972
2023-11-01,7.437607634214423,4.449798633321323
2023-11-02,7.563673755385862,4.5305768240524165
2023-11-03,7.6384516555587965,4.583806155378219
2023-11-06,7.670087401914799,4.60250510410105
2023-11-07,7.758384577706172,4.646009853482901
2023-11-08,7.764552560427401,4.649002597441249
2023-11-09,7.662833951034809,4.613225334816371
2023-11-10,7.834857280132498,4.716941711740935
2023-11-13,7.8610346609213515,4.702230382728587
2023-11-14,8.067904345641688,4.803453386118951
2023-11-15,8.061706258333706,4.807068410559404
2023-11-16,8.036610690008628,4.811182418914389
2023-11-17,8.05623671426917,4.812304842839875
2023-11-20,8.139576851670661,4.870893516504106
2023-11-21,8.118517892868649,4.842596374481824
2023-11-22,8.153573448134619,4.862417360620526
2023-11-24,8.128049832920897,4.855561453048116
2023-11-27,8.117316707098002,4.8513226020870945
2023-11-28,8.198916730766177,4.864037608931696
2023-11-29,8.128644199166525,4.859300160565758
2023-11-30,8.057934012635311,4.847083751126072
2023-12-01,8.052856323776261,4.860920795386544
2023-12-04,7.948355496377491,4.815794638164675
2023-12-05,7.990999108534904,4.827886591507939
2023-12-06,7.945449791256845,4.7999628177749205
2023-12-07,8.113767031530724,4.867029193361195
2023-12-08,8.158507135359528,4.8887204995327584
2023-12-11,8.102787533817049,4.9304805445070174
2023-12-12,8.169834416758734,4.969747215947078
2023-12-13,8.236561944041934,5.032949654900058
2023-12-14,8.267772337177098,5.028586347842614
2023-12-15,8.330897931894135,5.0528943241159485
2023-12-18,8.449412178816448,5.084720298934268
2023-12-19,8.523739636319036,5.1107018618458095
2023-12-20,8.414932581978228,5.034758519903941
2023-12-21,8.541309931093474,5.093339463375847
2023-12-22,8.535553122814061,5.100959113949895
2023-12-26,8.583252424988508,5.132185998863082
2023-12-27,8.621877624287116,5.142633740298971
2023-12-28,8.58132951835711,5.140134569120529
2023-12-29,8.5053998002319,5.117889008159315
2024-01-02,8.383361656310203,5.03128225241571
2024-01-03,8.282056082705104,4.978043258349501
2024-01-04,8.22728142639852,4.952424627967584
2024-01-05,8.255696966115405,4.958298414605194
2024-01-08,8.423125290345908,5.060776414719407
2024-01-09,8.42853454146115,5.070773872452406
2024-01-10,8.541379694377634,5.105142307526183
2024-01-11,8.522280399022783,5.1157647513086015
2024-01-12,8.50593415809941,5.118388378583464
2024-01-16,8.460650086442627,5.117889008159315
2024-01-17,8.40636192305217,5.089019831905035
2024-01-18,8.502144630287773,5.161254614079327
2024-01-19,8.64045025571781,5.263606998568272
2024-01-22,8.623350654205796,5.270481845111876
2024-01-23,8.664436181800045,5.292351332216514
2024-01-24,8.705161482846162,5.321719492385326
2024-01-25,8.613399760437286,5.328218265072353
2024-01-26,8.590891242964563,5.296475003311905
2024-01-29,8.7121575393919,5.350713124736027
2024-01-30,8.653302007780578,5.315095490582645
2024-01-31,8.47506453612256,5.210993763570715
2024-02-01,8.591534749414022,5.272355257221666
2024-02-02,8.802778116417482,5.361461184143714
2024-02-05,8.747285131300544,5.354463427542154
2024-02-06,8.74437604794492,5.34371498162485
2024-02-07,8.834038809490032,5.398703318214044
2024-02-08,8.849646957354064,5.4087011624566586
2024-02-09,8.973257358337639,5.4619397700132515
2024-02-12,8.90234716202596,5.4405688803135295
2024-02-13,8.74875470703316,5.355711853602526
2024-02-14,8.861836259651717,5.414075192160503
2024-02-15,8.928824467898794,5.430196121743186
2024-02-16,8.865398173439642,5.3809563426759475
2024-02-20,8.765127339341198,5.340340366165683
2024-02-21,8.758087303825778,5.318969862975578
2024-02-22,9.008573722799419,5.474687243665615
2024-02-23,8.966068483377072,5.458564768044468
2024-02-26,8.997240243337643,5.455689909519065
2024-02-27,9.003965502284238,5.468812684008773
2024-02-28,8.977552166116388,5.43969382254242
2024-02-29,9.063725509168608,5.486309201315563
2024-03-01,9.17830905615095,5.56891558253135
2024-03-04,9.077159422752324,5.549045509671388
2024-03-05,8.891865476961849,5.4494415950633455
2024-03-06,8.906262615051203,5.483684414511852
2024-03-07,9.044570536811829,5.5669161682866735
2024-03-08,8.919912849932336,5.486559273037254
2024-03-11,8.877974546247849,5.466187897205062
2024-03-12,8.999947376174871,5.544546151229039
2024-03-13,8.919712559120233,5.5019303739644805
2024-03-14,8.887902388471487,5.488058930348165
2024-03-15,8.777736678052147,5.422822291285049
2024-03-18,8.89036342271345,5.474543075578768
2024-03-19,8.90673111257855,5.48818299993497
2024-03-20,9.025237981076419,5.55325382637273
2024-03-21,9.042309141533003,5.579533001688758
2024-03-22,9.046341347543962,5.585916208000537
2024-03-25,9.03862603589852,5.565643392120481
2024-03-26,9.029855631751149,5.547623540793336
2024-03-27,9.076449152945234,5.566519222910821
2024-03-28,9.049074267558762,5.556258165619564
2024-04-01,9.065388036624528,5.568020812769814
2024-04-02,8.963312288325836,5.519967618224354
2024-04-03,9.001827258705955,5.532356410952871
2024-04-04,8.893842822440632,5.447762210780893
2024-04-05,8.983782097042749,5.5119583659571605
2024-04-08,9.026863531058474,5.513585957951039
2024-04-09,9.074630507493787,5.533983616437133
2024-04-10,8.994406267381946,5.485680350169982
2024-04-11,9.139663965919743,5.573276570531096
2024-04-12,8.99015727782933,5.484428445523064
2024-04-15,8.808733445232438,5.39420318675246
2024-04-16,8.787792529853979,5.39470448972469
2024-04-17,8.68184478729654,5.328881902083393
2024-04-18,8.609313513153682,5.298473644537348
2024-04-19,8.432295182377162,5.188852560205878
2024-04-22,8.48494528226067,5.24103445047174
2024-04-23,8.614098047789266,5.319246603860788
2024-04-24,8.727438063695354,5.337265682168699
2024-04-25,8.729118266135188,5.3114878098249
2024-04-26,8.841412228299827,5.393452585077772
2024-04-29,9.001749149598862,5.415352219932474
2024-04-30,8.796724225402263,5.313239471405584
2024-05-01,8.723368946013757,5.27482157508273
2024-05-02,8.823408110295807,5.342146139092636
2024-05-03,8.988647988283669,5.449515418400042
2024-05-06,9.094970413494087,5.509205644470482
2024-05-07,9.061783386485944,5.51008186177044
2024-05-08,9.04162014110998,5.506828223821148
2024-05-09,9.045806196662173,5.518840942693089
2024-05-10,9.047758298307507,5.531855880999873
2024-05-13,9.083676899584379,5.544619974565735
2024-05-14,9.164705373100357,5.580284376382678
2024-05-15,9.27651542046908,5.6675056824160635
2024-05-16,9.263642879940228,5.655992720477888
2024-05-17,9.27255721412567,5.653239612481594
2024-05-20,9.318616790113,5.692658182200827
2024-05-21,9.392959382850378,5.703795070282426
2024-05-22,9.359083481711064,5.70266955428001
2024-05-23,9.289393227213727,5.67701652454225
2024-05-24,9.396377294969891,5.730700777686336
2024-05-28,9.416156634165132,5.752348794780883
2024-05-29,9.353190947477287,5.711803936040003
2024-05-30,9.275256004470267,5.650611733600953
2024-05-31,9.256130163043856,5.64010099109762
2024-06-03,9.292200744704768,5.670383633018395
2024-06-04,9.307692671590111,5.6859008345805515
2024-06-05,9.478991722294808,5.800527604951613
2024-06-06,9.490608172904043,5.798525098630007
2024-06-07,9.48070890872377,5.793394183474762
2024-06-10,9.497135520737835,5.816795021678841
2024-06-11,9.540862177864977,5.856714507860688
2024-06-12,9.687633821131458,5.933424298371509
2024-06-13,9.761077050434658,5.965583444479005
2024-06-14,9.784829596353056,5.996493391506896
2024-06-17,9.940665809046527,6.069949544068425
2024-06-18,9.930648733028356,6.071826048255145
2024-06-20,9.844849295756152,6.02502514486622
2024-06-21,9.828031470290753,6.0088821842354125
2024-06-24,9.724348378174248,5.940473460752026
2024-06-25,9.848860893520495,6.008406004388237
2024-06-26,9.912040280574839,6.020814509107181
2024-06-27,9.940320762457146,6.036355674265542
2024-06-28,9.896089747169512,6.005021726188664
2024-07-01,10.007820453730975,6.040242028456578
2024-07-02,10.208157379939337,6.103662458833102
2024-07-03,10.358775825781413,6.154549541884646
2024-07-05,10.479492703658213,6.218721733464708
2024-07-08,10.508493247248474,6.233511137419533
2024-07-09,10.563089269385102,6.238900627508024
2024-07-10,10.664268294083548,6.303950968936126
2024-07-11,10.348736057705489,6.1657038228989745
2024-07-12,10.438234313848689,6.201925958092115
2024-07-15,10.484863372553775,6.218595731329823
2024-07-16,10.50785034359823,6.2209770170753185
2024-07-17,10.196770489972096,6.038361272664078
2024-07-18,10.157972395238,6.009784684189273
2024-07-19,10.029127205541863,5.956516701901849
2024-07-22,10.22194036342033,6.045255058178877
2024-07-23,10.164855212602617,6.023948329075447
2024-07-24,9.693290021861793,5.807867036053907
2024-07-25,9.619354133972482,5.743819687079883
2024-07-26,9.704567602507463,5.802728004196721
2024-07-29,9.78290561567151,5.81438358818328
2024-07-30,9.617346295400303,5.734544615819587
2024-07-31,9.963538962393923,5.90425093904927
2024-08-01,9.651559823463572,5.7612419945403595
2024-08-02,9.405440706709634,5.624498370910281
2024-08-05,9.095325546597767,5.456797646079135
2024-08-06,9.19470231636619,5.508937793306447
2024-08-07,9.042322734693432,5.44927771498607
2024-08-08,9.339025536856804,5.615976220382373
2024-08-09,9.38483911458356,5.645304570060714
2024-08-12,9.40920649039758,5.657462230038735
2024-08-13,9.690135136662098,5.79783981708046
2024-08-14,9.669754499105979,5.799719413344109
2024-08-15,9.960447236196103,5.946239411206712
2024-08-16,9.98895374334811,5.953884571415431
2024-08-19,10.15637098459558,6.03209440574678
2024-08-20,10.11785415595211,6.019435829306144
2024-08-21,10.173739088766789,6.047511114808721
2024-08-22,9.954805429964747,5.951628128275971
2024-08-23,10.119246732596203,6.016176780222225
2024-08-26,9.9886704023327,5.957769766077616
2024-08-27,10.002278998063542,5.975567760885053
2024-08-28,9.877668646481139,5.907760446364495
2024-08-29,9.831007822038064,5.899112680211316
2024-08-30,9.976594205269542,5.9694257365737915
2024-09-03,9.652628737499718,5.788189058473204
2024-09-04,9.666982450295865,5.77314842326784
2024-09-05,9.732560694683855,5.778537913356333
2024-09-06,9.398990632669738,5.623747382725977
2024-09-09,9.53233442278118,5.696066037486988
2024-09-10,9.6581925441281,5.748708260705761
2024-09-11,9.880965607471854,5.873542750041042
2024-09-12,9.986628640097774,5.931198776001348
2024-09-13,10.032456735941052,5.957769766077616
2024-09-16,9.971488637845201,5.931448847723038
2024-09-17,9.979435626611737,5.934581894672071
2024-09-18,9.933507121829297,5.908888281424609
2024-09-19,10.24137023916512,6.058289708476088
2024-09-20,10.19389991268092,6.046759353605183
2024-09-23,10.269096101891463,6.062787520879975
2024-09-24,10.35154498454289,6.092031611461981
2024-09-25,10.382374839809202,6.097679676483721
2024-09-26,10.435140187348605,6.1434918882743705
2024-09-27,10.412706267507126,6.109352266893393
2024-09-30,10.446442674002071,6.125920388102036
2024-10-01,10.299090937953718,6.040570948139975
2024-10-02,10.270725322031176,6.0491062399948365
2024-10-03,10.241834188684084,6.044587556071676
2024-10-04,10.396636726054949,6.11650655988952
2024-10-07,10.264706782043996,6.050988928335416
2024-10-08,10.430271743731106,6.141358355192867
2024-10-09,10.467824219390558,6.18968094694083
2024-10-10,10.457952780172377,6.182651883060357
2024-10-11,10.370193852662432,6.192316942523411
2024-10-14,10.46590181438204,6.244279295327263
2024-10-15,10.35101187870972,6.160813316725015
2024-10-16,10.359878295701206,6.161565850947785
2024-10-17,10.356798841135786,6.16583291711079
2024-10-18,10.414755824996716,6.206248681639856
2024-10-21,10.424528748048095,6.218172503300067
2024-10-22,10.433119131022652,6.2249499494203855
2024-10-23,10.268913117217082,6.129559762648309
2024-10-24,10.571665288551003,6.179263353255005
2024-10-25,10.676289371041696,6.21691750657622
2024-10-28,10.649087950213584,6.2179216585591455
2024-10-29,10.72828905617115,6.277665609466239
2024-10-30,10.666068773669059,6.230221554075932
2024-10-31,10.394165327868508,6.072953496805643
2024-11-01,10.454195089503191,6.1178875587482535
2024-11-04,10.392034775050579,6.1000648273253795
2024-11-05,10.546735136957635,6.177882740905888
2024-11-06,10.990109364306194,6.345693620977655
2024-11-07,11.18673796758947,6.445602105163276
2024-11-08,11.3105775293274,6.453132858525596
2024-11-11,11.454283075478834,6.449367868354051
2024-11-12,11.334934240689122,6.437694891434763
2024-11-13,11.323315824869812,6.429411217340058
2024-11-14,11.155016314352142,6.384728386647987
2024-11-15,10.976777891707853,6.232606318407974
2024-11-18,11.13642939391124,6.275908923260546
2024-11-19,11.24253832871744,6.319084752958997
2024-11-20,11.210999325674921,6.315445378412723
2024-11-21,11.20535408335765,6.338164027144184
2024-11-22,11.274948698638195,6.348330003069853
2024-11-25,11.228890213725835,6.358370749879868
2024-11-26,11.280150045329414,6.392510371260846
2024-11-27,11.18254837035364,6.342179862056652
2024-11-29,11.32166900326768,6.39790681852243
2024-12-02,11.487674282718414,6.467567060143119
2024-12-03,11.487222080827927,6.487398482041459
2024-12-04,11.642824627107142,6.567600773444393
2024-12-05,11.668960777358432,6.549402354674559
2024-12-06,11.856525980159814,6.608016537973459
2024-12-09,11.788988469867757,6.556555874651453
2024-12-10,11.843442245427616,6.534214072795801
2024-12-11,12.159435168154667,6.651192754181527
2024-12-12,12.080960074971692,6.608266996204765
2024-12-13,12.173432931489394,6.658849509678732
2024-12-16,12.348737782185626,6.754740999423038
2024-12-17,12.294354952438331,6.72499367332072
2024-12-18,11.850813810560258,6.482377335617219
2024-12-19,11.7980384978037,6.453509318891788
2024-12-20,11.90106655819289,6.509865513012764
2024-12-23,12.01701269577973,6.57328787593737
2024-12-24,12.179961923574849,6.662420858532553
2024-12-26,12.171687627328023,6.657894830926683
2024-12-27,12.009888745757483,6.569391085986697
2024-12-30,11.850157378347337,6.482018268183755
2024-12-31,11.74949431108694,6.426955721748249
2025-01-02,11.726511411025086,6.414384109971262
2025-01-03,11.956992499378917,6.519356643148523
2025-01-06,12.088064006028858,6.594283078290132
2025-01-07,11.857898703007063,6.476612544691383
2025-01-08,11.860761498522896,6.4777446313572735
2025-01-10,11.68403762807362,6.376167198648839
2025-01-13,11.661695146558008,6.355674458797157
2025-01-14,11.640471304396803,6.349640270668819
2025-01-15,11.943430229729948,6.495721580117018
2025-01-16,11.842133308528314,6.450213551394328
2025-01-17,12.050812722543366,6.559082101503029
2025-01-21,12.113869146898882,6.597552176624072
2025-01-22,12.246520102616536,6.681906354324381
2025-01-23,12.266973080810441,6.696112901777954
2025-01-24,12.19228678471775,6.658272064312108
2025-01-27,11.841035171441456,6.464419325828669
2025-01-28,12.052519656189817,6.559963343427998
2025-01-29,11.991906437929558,6.547643735920784
2025-01-30,12.059850376024198,6.575550503230689
2025-01-31,12.027912988146502,6.5659967585371035
2025-02-03,11.8920737227207,6.513448457155071
2025-02-04,12.046748328569398,6.593403382403628
2025-02-05,12.105163156495165,6.6233223187755454
2025-02-06,12.17533740724311,6.657894830926683
2025-02-07,12.023346726856156,6.573917113592567
2025-02-10,12.156079079539925,6.653494805455699
2025-02-11,12.091804854357967,6.637654868364004
2025-02-12,12.116686222041785,6.641551658314677
2025-02-13,12.351715883507481,6.737096835442855
2025-02-14,12.413133862948916,6.76538238217665
2025-02-18,12.433859673198862,6.780719083748034
2025-02-19,12.457783020593833,6.78260525067516
2025-02-20,12.396580299798238,6.753814922382588
2025-02-21,12.094132521606106,6.6136441179855385
2025-02-24,11.92743693391171,6.53557304060641
2025-02-25,11.687318276575589,6.453230645458498
2025-02-26,11.694156283372688,6.468819351299653
2025-02-27,11.329354266097702,6.289171227721707
2025-02-28,11.55811361155298,6.3884871926656706
2025-03-03,11.2542107916438,6.248690916086733
2025-03-04,11.16821542835468,6.229833111911637
2025-03-05,11.331752826518976,6.311045739451355
2025-03-06,10.95949601052141,6.137432963530595
2025-03-07,11.031959781865119,6.182564531887092
2025-03-10,10.433991153396628,5.942950600882344
2025-03-11,10.488621415126682,5.928745212957619
2025-03-12,10.755108170172688,5.995625677418494
2025-03-13,10.544114807737712,5.887761279292718
2025-03-14,10.838574458667688,6.0300721874347465
2025-03-17,10.78169171642119,6.069169181153288
2025-03-18,10.518033769381049,5.965705195008113
2025-03-19,10.718157175486507,6.045534891141016
2025-03-20,10.700186700790125,6.025042924308566
2025-03-21,10.831021819536861,6.044905653485819
2025-03-24,11.278281158544221,6.177557299809036
2025-03-25,11.411992677876576,6.212810455394326
2025-03-26,11.081839580117904,6.098490187148922
2025-03-27,11.023879448241397,6.063741040103175
2025-03-28,10.691265788865014,5.904095948693168
2025-03-31,10.644478558324705,5.903843944423396
2025-04-01,10.79992630340449,5.951435646487097
2025-04-02,10.968799516721667,5.994871983666877
2025-04-03,10.333680604540735,5.6739453191318105
2025-04-04,9.61652684868423,5.321543244000332
2025-04-07,9.628574772210102,5.3343846394894365
2025-04-08,9.397385068623102,5.238320379946683
2025-04-09,10.810733951126133,5.8670810822771715
2025-04-10,10.249203099068616,5.617540424799191
2025-04-11,10.419481859014205,5.7210333991655835
2025-04-14,10.441527005310583,5.759811135941133
2025-04-15,10.435411615775072,5.766231833685685
2025-04-16,10.026049579332126,5.592360096322062
2025-04-17,9.989755269158954,5.591353238771823
2025-04-21,9.656534083432984,5.452985115224798
2025-04-22,9.958192632117001,5.596137068291708
2025-04-23,10.294824609476578,5.723047500775676
2025-04-24,10.598986175962374,5.884077842650196
2025-04-25,10.938946622238628,5.949672776127543
2025-04-28,10.918734047691434,5.94778429014272
2025-04-29,11.006714809158085,5.9870664219674286
2025-04-30,10.906156543253886,5.9863107956677295
2025-05-01,11.093255511422626,6.064495893383642
2025-05-02,11.25027539933681,6.1545170750768845
2025-05-05,11.12031172133668,6.118005057671583
2025-05-06,11.008336819311594,6.061097314328269
2025-05-07,11.052773176679493,6.084892392340887
2025-05-08,11.201716246163453,6.147718757437291
2025-05-09,11.292834098192612,6.1436893946882565
2025-05-12,11.928309661801125,6.393984905446703
2025-05-13,12.235894934460925,6.491434415453969
2025-05-14,12.438463438418689,6.5303381543644035
2025-05-15,12.334757998306905,6.537514091899038
2025-05-16,12.415618856170981,6.565968929844736
2025-05-19,12.357384439152785,6.5722636254544025
2025-05-20,12.309136799645508,6.550357033426608
2025-05-21,12.122432913032949,6.459327834654279
2025-05-22,12.209120238691268,6.471415149882148
2025-05-23,12.07070278960123,6.411484901340039
2025-05-27,12.492362835397358,6.562317186990743
2025-05-28,12.41240034204858,6.533232338370617
2025-05-29,12.481622765041422,6.546075279898186
2025-05-30,12.349400708945328,6.535750835029869
2025-06-02,12.422943031030066,6.5873722863522195
2025-06-03,12.490956136704394,6.63886618950122
2025-06-04,12.466432127908764,6.657373815964026
2025-06-05,12.04342964859335,6.607263617241073
2025-06-06,12.27556944813858,6.671852466187414
2025-06-09,12.403072478224324,6.68167367553542
2025-06-10,12.614943941379753,6.725864865995667
2025-06-11,12.526614698377697,6.7032014881393245
2025-06-12,12.49797453483247,6.718940159711571
2025-06-13,12.415680439737322,6.634585982011263
2025-06-16,12.6103426815536,6.726872110055521
2025-06-17,12.428447468603341,6.661276790068558
2025-06-18,12.466456897544013,6.66014431689305
2025-06-20,12.393921133850249,6.632947954257746
2025-06-23,12.669074083495323,6.701151441134924
2025-06-24,12.759491571961663,6.803625962662592
2025-06-25,12.743845125518902,6.821019668411468
2025-06-26,12.854426236954934,6.884797620182991
2025-06-27,12.92391351578449,6.908368522618204
2025-06-30,12.918193034044158,6.953114740887335
2025-07-01,12.741770358978206,6.894502876646133
2025-07-02,12.940121226190275,6.942525923441528
2025-07-03,13.04057212135718,7.01084227112664
2025-07-07,12.78977564263414,6.958030370186349
2025-07-08,12.793472334605816,6.9619372093870435
2025-07-09,12.863300755637363,7.011220277531297
2025-07-10,12.968972704616734,7.001137014663499
2025-07-11,12.997107819827136,6.985381336668138
2025-07-14,13.045728637628123,7.010717042010986
2025-07-15,13.013041613391227,7.01714469692863
2025-07-16,13.096110480431907,7.02432836465559
2025-07-17,13.145672684023387,7.081175425989158
2025-07-18,13.241034658443997,7.074368991647624
2025-07-21,13.312823366951664,7.111047981207129
2025-07-22,13.304555031038857,7.074242989512738
2025-07-23,13.3429499277504,7.106510358312773
2025-07-24,13.174609438407227,7.121635252614472
2025-07-25,13.276054348248206,7.138777727112809
2025-07-28,13.380730366378799,7.161087835179932
2025-07-29,13.320133108369397,7.149995782213813
2025-07-30,13.300033598934315,7.159575036542068
2025-07-31,13.174645476531722,7.121635252614472
2025-08-01,12.833113403913089,6.981348495332558
2025-08-04,13.031527905980848,7.110165193243696
2025-08-05,12.983050234228015,7.0618901421785285
2025-08-06,13.2736675631626,7.1507525680423605
2025-08-07,13.360068789617731,7.174951935113539
2025-08-08,13.552563636092412,7.241881486295673
2025-08-11,13.582607351322839,7.220454166191985
2025-08-12,13.7170519024342,7.3112058510598725
2025-08-13,13.742092305720448,7.314861459010027
2025-08-14,13.742751141803058,7.309190589920931
2025-08-15,13.665903891168062,7.277048450236549
2025-08-18,13.695969560513955,7.274148855095709
2025-08-19,13.515616232506042,7.175455943653082
2025-08-20,13.372471177524119,7.132854080734709
2025-08-21,13.292193071192722,7.0998306991253575
2025-08-22,13.639781283284572,7.2093621132258665
2025-08-25,13.658016325638448,7.188564803796607
2025-08-26,13.747063814907845,7.217429341935492
2025-08-27,13.752675566593703,7.2285221679208425
2025-08-28,13.802967218232435,7.273771621710284
2025-08-29,13.592877614775723,7.189573593894926
2025-09-02,13.453430873747624,7.129324474919439
2025-09-03,13.606198553257725,7.1854139774052275
2025-09-04,13.778748869029286,7.250453496564075
2025-09-05,13.86715935067961,7.260914765836531
2025-09-08,13.884774752697252,7.296332961027946
2025-09-09,13.908447501228753,7.3170050413415515
2025-09-10,13.83330349170058,7.3193990819043835
2025-09-11,14.061401510620165,7.36200171784199
2025-09-12,14.321153998882018,7.394521863931029
2025-09-15,14.537415684818969,7.457796580182241
2025-09-16,14.642004480926541,7.4514933813610185
2025-09-17,14.648058901069685,7.436620491329092
2025-09-18,14.649477436138222,7.503676044646112
2025-09-19,14.82254655846087,7.554471911428229
2025-09-22,14.972692705281789,7.599194166101155
2025-09-23,14.800749487360545,7.548718329281263
2025-09-24,14.886611916938898,7.522217683955145
2025-09-25,14.710574718459231,7.489787208097067
2025-09-26,14.880386765962394,7.520577337143932
2025-09-29,14.951280620459542,7.555405718661003
2025-09-30,14.97389328931039,7.576101762570815
2025-10-01,15.141264273346799,7.612443715744981
2025-10-02,15.015438530182522,7.643738626350622
2025-10-03,14.918055435839534,7.6115609277815475
2025-10-06,15.167748011364814,7.668724927000412
2025-10-07,14.967742755892212,7.628343948336806
2025-10-08,15.142104417218741,7.715794841082223
2025-10-09,15.099590998275495,7.7064559957352525
2025-10-10,14.502564222112031,7.438932591853286
2025-10-13,14.896046311748346,7.5967962604421615
2025-10-14,14.764598232816088,7.546193648468151
2025-10-15,14.876981996398126,7.599445397351694
2025-10-16,14.778011823669443,7.571305178233595
2025-10-17,14.93607520905827,7.6210250022441715
2025-10-20,15.184290657511056,7.717054862431081
2025-10-21,15.175294149012267,7.715037282234443
2025-10-22,15.023110362604385,7.640710710017199
2025-10-23,15.20568173959812,7.704941651058925
2025-10-24,15.21701526725506,7.787217180043233
2025-10-27,15.566092606228803,7.925901468456322
2025-10-28,15.724812366103063,7.986851715875622
2025-10-29,15.787095006292933,8.022816435664364
2025-10-30,15.412577298206703,7.900158381977985
2025-10-31,15.711811012407905,7.938268230136715
2025-11-03,15.861527153802927,7.976251303141328
2025-11-04,15.426486147051975,7.814349382082245
2025-11-05,15.648001255974233,7.865204771345259
2025-11-06,15.291682602624386,7.71869675528076
2025-11-07,15.133213412898499,7.694342011343864
2025-11-10,15.511536414228429,7.864573214632365
2025-11-11,15.432274942913846,7.843625166452782
2025-11-12,15.331333122493323,7.837441785612586
2025-11-13,14.881224181707516,7.67743298865372
2025-11-14,14.907300554207119,7.683236817050794
2025-11-17,14.839356598096309,7.617618306486858
2025-11-18,14.641536913226885,7.5248675938839105
2025-11-19,14.718167629261494,7.569792379595732
2025-11-20,14.391724077700173,7.390601110384151
2025-11-21,14.445620650025862,7.4461247627918015
2025-11-24,14.94870633641463,7.636546455412105
2025-11-25,15.057292035967624,7.683615596474684
2025-11-26,15.207117769023196,7.7515060105627285
2025-11-28,15.342740800518403,7.814349382082245
2025-12-01,15.296132056496113,7.788100741025899
2025-12-02,15.38429724833465,7.84905176146443
2025-12-03,15.538121043428799,7.868232687678682
2025-12-04,15.614906150694196,7.860913741586048
2025-12-05,15.679164587562326,7.892965438020236
2025-12-08,15.529883278017651,7.877823537295424
2025-12-09,15.575017072388684,7.887539616027819
2025-12-10,15.661612931312511,7.919844089751011
2025-12-11,15.592709561210679,7.894227778426792
2025-12-12,15.459151119599042,7.74330427650666
2025-12-15,15.534664703456604,7.7044368695001495
2025-12-16,15.681268483980107,7.719705545379079
2025-12-17,15.396162008381745,7.5766057711103585
2025-12-18,15.626071042233939,7.686392281557568
2025-12-19,15.812113113891611,7.786586396349572
2025-12-22,15.887382423956977,7.823911629987387
2025-12-23,15.962208986144365,7.860553514623736
2025-12-24,16.009726922606212,7.883550836788488
2025-12-26,16.003509159901,7.883044509191247
2025-12-29,15.924333301658878,7.844885960820873
2025-12-30,15.89821244770977,7.826690634127968
2025-12-31,15.766366443439821,7.761998200604482
2026-01-02,15.725488107296579,7.746962976533745
2026-01-05,15.854348412494213,7.8084960804542956
2026-01-06,15.988783017957495,7.8771061754477305
2026-01-07,15.9887093412534,7.8846879480793906
2026-01-08,15.899054398742706,7.839831961079255
2026-01-09,16.05810797479085,7.917918498843032
2026-01-12,16.05711856863017,7.924488389299443
2026-01-13,16.021091578434753,7.912737723947295
2026-01-14,15.839077390984894,7.828207297861993
2026-01-15,15.899860484613956,7.856384621903249
2026-01-16,15.886524800076145,7.849813958427606
2026-01-20,15.545350128110103,7.683028101858039
2026-01-21,15.756326603902105,7.786890192907916
2026-01-22,15.908045560802018,7.843496072240966
2026-01-23,15.969453824602365,7.868261289390282
2026-01-26,16.052889792922873,7.902882501753063
2026-01-27,16.19166399503748,7.974524378176082
2026-01-28,16.23732328737223,8.00093226119431
2026-01-29,16.230686020822947,7.9530444927645885
2026-01-30,16.019815585410058,7.857521733194151
2026-02-02,16.092961990542296,7.911474610521506
2026-02-03,15.830436366988103,7.789922747356734
2026-02-04,15.559736893262606,7.653840441679999
2026-02-05,15.322002747016201,7.543661237462715
2026-02-06,15.616091945829483,7.703118098689626
2026-02-09,15.766346080642833,7.7621249757586
2026-02-10,15.692025944105447,7.726113874815913
2026-02-11,15.710771155535861,7.746836201379627
2026-02-12,15.395334723005003,7.5892740102913985
2026-02-13,15.406757819635587,7.60544711867227
2026-02-17,15.393465518073778,7.597612568751606
2026-02-18,15.515202256166447,7.654345223238774
2026-02-19,15.466449262756257,7.625031560925849
2026-02-20,15.61405978598197,7.692504544628381
2026-02-23,15.38780870980145,7.599002457331513
2026-02-24,15.552127646734029,7.680627104122116
2026-02-25,15.791322560727403,7.791944192649534
2026-02-26,15.62501433704125,7.697937323793889
2026-02-27,15.562957052481089,7.67329810877946
2026-03-02,15.591627914530104,7.683406881281929
2026-03-03,15.463104101065557,7.601151450797664
2026-03-04,15.71190025371112,7.717016984488692
2026-03-05,15.681424919964334,7.693766885034937
2026-03-06,15.437343588531395,7.578028126498027
2026-03-09,15.616780891421751,7.679237215542209
2026-03-10,15.621648874986658,7.679363990696327
2026-03-11,15.612757711585694,7.67835288154031
2026-03-12,15.347470362958335,7.546567016757415
2026-03-13,15.221333327726112,7.5018370318921646
2026-03-16,15.407763737139724,7.585988678553576
2026-03-17,15.481457878042919,7.623010115633048
2026-03-18,15.253130881820011,7.51674779986648
2026-03-19,15.169817908489366,7.492992918853949
2026-03-20,14.87875025671233,7.354509615441291
2026-03-23,15.07405263521541,7.438931818834053
2026-03-24,14.95176664688898,7.388073337494109
2026-03-25,15.044402314443573,7.436654504175318
2026-03-26,14.653552624035969,7.259156920101988
2026-03-27,14.308908026315986,7.117337265682169
2026-03-30,14.264295095986146,7.062936810219237
2026-03-31,14.827622424368979,7.30204480013636
2026-04-01,15.011487234822,7.392248414368456
2026-04-02,14.984947548593267,7.400724570252036
2026-04-06,15.0418641108275,7.4452574352130165
2026-04-07,15.054210846531207,7.4463960925423835
2026-04-08,15.49817873583832,7.667792665806103
2026-04-09,15.660909990561603,7.719663029321296
2026-04-10,15.711573137173433,7.730796052306733
2026-04-13,15.899359679979348,7.810751750574522
2026-04-14,16.29727061766782,7.952571404994342
2026-04-15,16.599509627653102,8.063903180887177
2026-04-16,16.688992111624653,8.102741986182089
2026-04-17,16.913202214047566,8.208759254851977
2026-04-20,16.783793611564068,8.182697684449877
2026-04-21,16.735806692319837,8.151575930152301
2026-04-22,17.003746086606633,8.287956621252754
2026-04-23,16.79455009183398,8.241273216787157
2026-04-24,17.1371022369336,8.398908071683232
2026-04-27,17.158580224607693,8.403335925846584
2026-04-28,17.020793985439067,8.318825598261325
2026-04-29,17.069159577499068,8.369683306582036
2026-04-30,16.995814063995965,8.447741242634214
2026-05-01,17.15713270758472,8.528836371250604
2026-05-04,17.13659185201115,8.512769166504574
2026-05-05,17.279103665384852,8.623214289337813
2026-05-06,17.605498077714753,8.80235608531852
2026-05-07,17.65108294059838,8.791855392065209
2026-05-08,17.9626136161393,8.997943865469145
2026-05-11,17.998226745683475,9.024005435871242
2026-05-12,17.84875286164093,8.947465709591555
2026-05-13,18.043438551836367,9.041971175852115
2026-05-14,18.160245793431216,9.106238448797766
2026-05-15,17.943744266538037,8.968846648541298
2026-05-18,17.85857629477769,8.930259847516158
2026-05-19,17.715990832104055,8.875227835340333
2026-05-20,17.98996625113726,9.02223522182898
2026-05-21,18.01964782258404,9.039440310885144
2026-05-22,18.100360238817796,9.077773561602047
2026-05-26,18.360579475454678,9.238951163640344
2026-05-27,18.403326325402872,9.228450470387035
2026-05-28,18.583019716193846,9.306254856130975
2026-05-29,18.706980530939646,9.34053980512765
2026-06-01,18.71272120032426,9.396585245517189
2026-06-02,18.713289038856175,9.439851904975452
2026-06-03,18.685891719451917,9.415182542210957
2026-06-04,18.619589016889527,9.369637795074727
2026-06-05,17.73564447775431,8.919885929416967
2026-06-08,17.94791811421885,9.05917626490828
2026-06-09,17.727989389945424,8.954929983299886
2026-06-10,17.362734166433487,8.776041737627416
2026-06-11,17.8228443339256,9.072459827398333
2026-06-12,17.917637387259123,9.125848400686015
2026-06-15,18.475956592239463,9.4125256751091
2026-06-16,18.1801813871158,9.233636656417398
2026-06-17,17.87803839943893,9.14065017294856
2026-06-18,18.26808097520716,9.369764570228845
2026-06-22,18.159295114086945,9.346245460082205
2026-06-23,17.65772379015469,9.038482540056165
2026-06-24,17.541822990397968,9.000106773281479
2026-06-25,17.56710177280207,9.073058144284232
2026-06-26,17.479470187043574,8.948179979362319
2026-06-29,17.901609169582027,9.17057993158973
2026-06-30,18.179697133763312,9.32661463667468
2026-07-01,18.13956068008498,9.184384509042442
2026-07-02,17.777585334297086,9.025183517181464
2026-07-06,18.059725085056296,9.154621722555474
2026-07-07,17.8113561582388,8.985035217306818
2026-07-08,17.780253916978133,9.010492286669157
2026-07-09,18.011248442714276,9.144236209167795
