,strategy2,QQQ
2014-01-02,1.0,1.0
2014-01-03,1.0,0.9927811598979653
2014-01-06,1.0,0.9891146330511523
2014-01-07,1.0,0.9982813849915031
2014-01-08,1.0,1.0004586902870423
2014-01-09,1.0,0.9971355772342357
2014-01-10,1.0,1.0003438969310268
2014-01-13,1.0,0.9855625130507387
2014-01-14,1.0,1.0043544173362704
2014-01-15,1.0,1.012605044858789
2014-01-16,1.0,1.0127196449599967
2014-01-17,1.0,1.0069900264092357
2014-01-21,1.0,1.0146676534257169
2014-01-22,1.0,1.017302779361662
2014-01-23,1.0,1.0138650662076478
2014-01-24,1.0,0.9939266777730205
2014-01-27,1.0,0.9843018153100518
2014-01-28,1.0,0.9837286215492059
2014-01-29,1.0,0.9731875380410011
2014-01-30,1.0,0.9911767584810597
2014-01-31,1.0,0.9885413426629025
2014-02-03,1.0,0.9658530349363144
2014-02-04,1.0,0.9729575648193536
2014-02-05,1.0,0.9704365558475958
2014-02-06,1.0,0.9828122072491617
2014-02-07,1.0,1.0003438969310268
2014-02-10,1.0,1.0060735154817877
2014-02-11,1.0,1.0175319795640771
2014-02-12,1.0,1.0194802779120093
2014-02-13,1.0,1.0270430149450707
2014-02-14,1.0,1.029105237002382
2014-02-18,1.0,1.0341471583184938
2014-02-19,1.0,1.0270430149450707
2014-02-20,1.0,1.031855446176555
2014-02-21,1.0,1.030481017981297
2014-02-24,1.0,1.0359805666830064
2014-02-25,1.0,1.034834952180547
2014-02-26,1.0,1.0339180547434828
2014-02-27,1.0,1.040625929132882
2014-02-28,1.0,1.0394753866328161
2014-03-03,1.0,1.0317664523374217
2014-03-04,1.0,1.0448833325554827
2014-03-05,1.0,1.0477598337467537
2014-03-06,1.0,1.0468395543505473
2014-03-07,1.0,1.0416615816495283
2014-03-10,1.0,1.0425822475553508
2014-03-11,1.0,1.0380949675385067
2014-03-12,1.0,1.0420069279916158
2014-03-13,1.0,1.0272788824383654
2014-03-14,1.0,1.0202600610627217
2014-03-17,1.0,1.0292352974882382
2014-03-18,1.0,1.0416615816495283
2014-03-19,1.0,1.0360237591326182
2014-03-20,1.0,1.0389003569512933
2014-03-21,1.0,1.0263988000422455
2014-03-24,1.0,1.017403465116686
2014-03-25,1.0,1.0207480294531923
2014-03-26,1.0,1.0076006149754504
2014-03-27,1.0,1.0019497477589931
2014-03-28,1.0,1.0039106076694524
2014-03-31,1.0,1.0110606490598009
2014-04-01,1.0,1.0288207659248485
2014-04-02,1.0,1.031473284793523
2014-04-03,1.0,1.0232854650836392
2014-04-04,0.9999999999999999,0.996068424183868
2014-04-07,0.9993650643017574,0.9866116934039525
2014-04-08,1.0018987513735633,0.99572211156774
2014-04-09,1.006350562168222,1.012790472847168
2014-04-10,1.0012115870507028,0.981422028787043
2014-04-11,0.9998237036711802,0.9700042448418601
2014-04-14,0.9993920730435945,0.9776162618509887
2014-04-15,0.9985691612671426,0.9808454530670553
2014-04-16,1.0015763680368777,0.9938774944243572
2014-04-17,1.0008366826454074,0.9941073710186007
2014-04-21,1.00532141424421,1.0014885451594453
2014-04-22,1.0101568185199414,1.0094461017654697
2014-04-23,1.0053390516181997,1.0005658500781378
2014-04-24,1.0068212625721382,1.010137567468877
2014-04-25,0.996914212206821,0.9939922877803729
2014-04-28,0.9940799463663657,0.9972212857416313
2014-04-29,0.998502237434685,1.0051789389750596
2014-04-30,1.0007568158968327,1.007830974706714
2014-05-01,1.0025066621562744,1.010830096073729
2014-05-02,1.0026974178846273,1.0089848991659218
2014-05-05,1.005081136009747,1.0142896470210592
2014-05-06,0.9984609645538172,1.0011424257981254
2014-05-07,0.9952789025058989,0.9982592573159748
2014-05-08,0.9884607961832274,0.9973369487442834
2014-05-09,0.9903908429414081,1.0010270526776854
2014-05-12,0.9949079584738914,1.0175187416097218
2014-05-13,0.9965303065888637,1.0182106904501493
2014-05-14,0.9950278256495159,1.012905942595012
2014-05-15,0.9929994795989705,1.0049482893615838
2014-05-16,0.9942047368718206,1.0115217550319446
2014-05-19,0.996218975364779,1.0185566165566613
2014-05-20,0.9961382470580755,1.014866319368451
2014-05-21,0.9994480987157286,1.0245536997618425
2014-05-22,1.000791126429129,1.0290513189109203
2014-05-23,1.0032507519982516,1.0365474796625886
2014-05-27,1.005952654644882,1.0494638580172386
2014-05-28,1.0055530935847539,1.04623486005598
2014-05-29,1.0063953998275925,1.052924085356397
2014-05-30,1.0051320942185926,1.0530389753398168
2014-06-02,1.0036108410567541,1.0520011970202814
2014-06-03,1.0032292791312747,1.0515400910481378
2014-06-04,1.003346849905898,1.0554608445950158
2014-06-05,1.0065276423222558,1.0643413861645596
2014-06-06,1.0071755431136462,1.0704530694709484
2014-06-09,1.006472815844412,1.069645844137485
2014-06-10,1.0090407238320183,1.0714912343001002
2014-06-11,1.010013762930078,1.0712604880592203
2014-06-12,1.0070298496070276,1.0615732042932329
2014-06-13,1.007982038920114,1.0646869257614553
2014-06-16,1.0123802460563875,1.065609524215359
2014-06-17,1.0139876216600805,1.0661862931901547
2014-06-18,1.0152847153512083,1.0721830865131239
2014-06-19,1.013196543257446,1.0714912343001002
2014-06-20,1.0133456534045948,1.0727514489037668
2014-06-23,1.0164545443971913,1.0729828715364753
2014-06-24,1.015128222691398,1.0719426775318386
2014-06-25,1.0182283391474993,1.078764572258021
2014-06-26,1.0173678416682157,1.0793426940164736
2014-06-27,1.0184573776601666,1.0840842007333826
2014-06-30,1.0184620808153537,1.0859344222662006
2014-07-01,1.0202350945764178,1.0978447160898446
2014-07-02,1.0163634721186374,1.0996946477404503
2014-07-03,1.0168966190270932,1.1066327852337092
2014-07-07,1.0137889860669158,1.1032792345486258
2014-07-08,1.0091714763422455,1.0899816610849846
2014-07-09,1.0130510020628372,1.0980760420951488
2014-07-10,1.0117624042145834,1.0946069250348174
2014-07-11,1.015560998833432,1.1016606289033244
2014-07-14,1.0204496069339941,1.108251874016031
2014-07-15,1.017923537449277,1.1044357679477432
2014-07-16,1.017987591509528,1.1088298991470795
2014-07-17,1.0159204414247012,1.0941441763968047
2014-07-18,1.0197860593636852,1.1114899549532704
2014-07-21,1.0209473466175012,1.1101016124118288
2014-07-22,1.020764474906617,1.1171561859269723
2014-07-23,1.022840136077057,1.1243251662885154
2014-07-24,1.0264215756782216,1.1230528732593419
2014-07-25,1.0210728988657496,1.1186593218244298
2014-07-28,1.0208222704434688,1.1190058276953658
2014-07-29,1.0208054131994193,1.117040233042108
2014-07-30,1.0221531567597912,1.1214346541236566
2014-07-31,1.0193007796841427,1.0987696336014454
2014-08-01,1.020828654958447,1.0947223947826612
2014-08-04,1.0231367041686186,1.1022384607795648
2014-08-05,1.0229234636598727,1.0937970907614443
2014-08-06,1.025727631961748,1.0929881261347076
2014-08-07,1.0261987305410745,1.08951862256476
2014-08-08,1.025981841604475,1.0973817741970238
2014-08-11,1.0289638086547535,1.1038575495618865
2014-08-12,1.0291170579206603,1.1033952840608943
2014-08-13,1.0301944560041707,1.1150742518792338
2014-08-14,1.0312672126757279,1.1208560492281838
2014-08-15,1.0313322278736947,1.1262910508239854
2014-08-18,1.0314715469986386,1.1349638434748142
2014-08-19,1.031564428383636,1.1413238592096207
2014-08-20,1.0316650454552214,1.1413238592096207
2014-08-21,1.0312207749357813,1.1436367327530472
2014-08-22,1.0310164406128708,1.1453709047735967
2014-08-25,1.0313926016597086,1.1494178537101685
2014-08-26,1.0326015772764703,1.150574387109286
2014-08-27,1.0328105589164382,1.1508058097419942
2014-08-28,1.0323213918892649,1.1495338065950331
2014-08-29,1.0321696897606756,1.153811984909505
2014-09-02,1.032686717069775,1.1571656322219925
2014-09-03,1.032163501211405,1.15034325435879
2014-09-04,1.0332393521575975,1.1493025772171328
2014-09-05,1.033305914492882,1.1550843745660826
2014-09-08,1.0326805285205045,1.1572813918520488
2014-09-09,1.0307316079086082,1.1476836816896192
2014-09-10,1.0309761914221947,1.1571656322219925
2014-09-11,1.030850802438214,1.1562405214555838
2014-09-12,1.030954519689539,1.15034325435879
2014-09-15,1.0298244894117075,1.1392421184166903
2014-09-16,1.0304235622394766,1.1491867209596724
2014-09-17,1.0298415197324102,1.1509213761172423
2014-09-18,1.0299963161356347,1.159593975513263
2014-09-19,1.030974644284877,1.1588753575093165
2014-09-22,1.0299189179340225,1.1480956043130994
2014-09-23,1.0297842402210315,1.1449662292054203
2014-09-24,1.0304932188493963,1.157252693513045
2014-09-25,1.029521085154529,1.1329110909031
2014-09-26,1.0297192250230647,1.1449662292054203
2014-09-29,1.0295040548338261,1.1434591315843967
2014-09-30,1.029600030493459,1.1450820854628803
2014-10-01,1.0288291338943147,1.126768196945202
2014-10-02,1.0289761916583988,1.126768196945202
2014-10-03,1.0296464682334054,1.1378955189137998
2014-10-06,1.0295628814825224,1.135461377978286
2014-10-07,1.0287548299673377,1.1193496279989885
2014-10-08,1.0296402796841349,1.1411413300433635
2014-10-09,1.028505605041798,1.1227111987586085
2014-10-10,1.0278895048458785,1.0946612296358953
2014-10-13,1.027124799748557,1.0775060003202233
2014-10-14,1.027977528681803,1.0776218565776834
2014-10-15,1.0282189794170593,1.0706674856805434
2014-10-16,1.0269715239355195,1.0639443441613037
2014-10-17,1.0273506594808102,1.0779698118596803
2014-10-20,1.0284322082839656,1.0940811753293618
2014-10-21,1.0309575783483176,1.1228269583886645
2014-10-22,1.0296227082108649,1.1170319230853594
2014-10-23,1.03061332826368,1.1338388106094184
2014-10-24,1.0265585498151144,1.143111756066824
2014-10-27,1.0239060077386044,1.1439227498690456
2014-10-28,1.029600846816367,1.161193545559966
2014-10-29,1.0283054160553784,1.156904931485856
2014-10-30,1.0291997254092675,1.1593388791665615
2014-10-31,1.0308840314094052,1.1753345796335906
2014-11-03,1.0311277955109648,1.1788117167684589
2014-11-04,1.0298404124295992,1.1748711546037496
2014-11-05,1.027046540034431,1.1749872041160183
2014-11-06,1.029408947774929,1.1786960537658064
2014-11-07,1.0296741578884865,1.1776528643116442
2014-11-10,1.030882451405383,1.181825622128294
2014-11-11,1.0340428589813115,1.1855350515425067
2014-11-12,1.0335126979929372,1.1876208506864072
2014-11-13,1.0348765863645089,1.1927214248367795
2014-11-14,1.0382280942190132,1.19643056436878
2014-11-17,1.0364149684674318,1.1928367979572192
2014-11-18,1.0375566333744533,1.2017623678970524
2014-11-19,1.03552834012521,1.1963144182291077
2014-11-20,1.0363693444641777,1.2016460285025719
2014-11-21,1.0353368770435842,1.2039649895724538
2014-11-24,1.0367037659628555,1.2133535014051073
2014-11-25,1.0369241639659141,1.2152079745437034
2014-11-26,1.0367766422030085,1.2230897752649499
2014-11-28,1.0366650916875315,1.228769437447815
2014-12-01,1.0317632132371626,1.214860502398727
2014-12-02,1.0317631842353634,1.2197284943875422
2014-12-03,1.0297575463398516,1.2219306329259234
2014-12-04,1.0295908722087168,1.22135106175641
2014-12-05,1.0278802277548824,1.2214672078960824
2014-12-08,1.0248149498865675,1.212773930235594
2014-12-09,1.0263005985177558,1.2165988293976508
2014-12-10,1.023657537475889,1.1974736571955384
2014-12-11,1.0236733118452268,1.2031530294961914
2014-12-12,1.0232372287865181,1.1900554747589414
2014-12-15,1.0223668770792425,1.1777691070787206
2014-12-16,1.0192379483706078,1.1588753575093165
2014-12-17,1.023724515969842,1.1799711489896978
2014-12-18,1.0295960414374752,1.2083695565314279
2014-12-19,1.0304328378696717,1.2136863828120719
2014-12-22,1.0330703462529889,1.2167113036959691
2014-12-23,1.0322389775888259,1.212406069708362
2014-12-24,1.0323616598756558,1.2134534141408988
2014-12-26,1.0360035529300262,1.2220628192146685
2014-12-29,1.0354341202002937,1.2218302370531116
2014-12-30,1.0334724608834758,1.2136863828120719
2014-12-31,1.0335677336275055,1.201237294583425
2015-01-02,1.0317769346656567,1.1976308699819334
2015-01-05,1.0263133904219415,1.180063234905761
2015-01-06,1.025823971557107,1.1642404974919873
2015-01-07,1.0261480109155032,1.179248569262185
2015-01-08,1.0263033277336966,1.201819378065444
2015-01-09,1.0238311536583102,1.1939078161037493
2015-01-12,1.0208126457473217,1.1814593076395266
2015-01-13,1.0223201698324662,1.1811102894560852
2015-01-14,1.0164710152793877,1.1745948968555604
2015-01-15,1.0150939245170592,1.1593542429238062
2015-01-16,1.0162641674502013,1.1729665318424498
2015-01-20,1.0155085500090246,1.1822735867734862
2015-01-21,1.0189739509149747,1.1883231386590687
2015-01-22,1.0234529662353866,1.2103124437447332
2015-01-23,1.023612927418085,1.2129879599355726
2015-01-26,1.025748251284876,1.2115917905744027
2015-01-27,1.0250205961383343,1.180179284418029
2015-01-28,1.0213665420688702,1.1741295392776387
2015-01-29,1.025419922193496,1.185415136934076
2015-01-30,1.031259487112823,1.176223841633096
2015-02-02,1.036367612989915,1.1864619982295928
2015-02-03,1.0398335205420612,1.197863645398299
2015-02-04,1.040111674131194,1.196816397593166
2015-02-05,1.042713106670378,1.2071708935841432
2015-02-06,1.0410082244136212,1.1998410285948509
2015-02-09,1.0404907218880604,1.1960020218318022
2015-02-10,1.0402897366299981,1.214617001340512
2015-02-11,1.038923834658914,1.219037705075963
2015-02-12,1.0344140016009504,1.2332317875944134
2015-02-13,1.0355681711380544,1.2438189623743516
2015-02-17,1.034859505820709,1.2449823563191569
2015-02-18,1.0345941200546687,1.2467272539815564
2015-02-19,1.0389912931006766,1.2528937250260435
2015-02-20,1.042338657009755,1.2612701614286401
2015-02-23,1.0370426435355227,1.2625497981405216
2015-02-24,1.0352319630268756,1.2634807065511737
2015-02-25,1.0361112893329296,1.260339639527604
2015-02-26,1.0376910589207025,1.2667384028514361
2015-02-27,1.0351005439817187,1.2611542085437757
2015-03-02,1.0330292920310231,1.2725555658302696
2015-03-03,1.033951195725144,1.2666219668295513
2015-03-04,1.035059166055985,1.261735808888774
2015-03-05,1.0349699865347732,1.2639460641290958
2015-03-06,1.0304893362937655,1.249635835470973
2015-03-09,1.0287936042179446,1.2532427432094853
2015-03-10,1.027120349728544,1.229974091294151
2015-03-11,1.0282974239174703,1.2228773882308401
2015-03-12,1.028217271504498,1.230904709822591
2015-03-13,1.026488456771924,1.2255527111668716
2015-03-16,1.0303310592341552,1.241375448580645
2015-03-17,1.0296379916357292,1.2433535081690257
2015-03-18,1.0330444965559564,1.2555696277264992
2015-03-19,1.0302897147652554,1.2574308647833792
2015-03-20,1.0322841047210412,1.265569887654216
2015-03-23,1.0325146574712045,1.2631212526080946
2015-03-24,1.0333731178983678,1.2585731939541007
2015-03-25,1.0292802702799895,1.2297708838634265
2015-03-26,1.0268297555404127,1.225573389431339
2015-03-27,1.024695786401216,1.2304706595235824
2015-03-30,1.0280283059554178,1.244580966082718
2015-03-31,1.0267675220872134,1.2314035971097195
2015-04-01,1.0259088575086532,1.2249897599108557
2015-04-02,1.0278751746382548,1.2258063581025123
2015-04-06,1.0345008615879134,1.2358349298596167
2015-04-07,1.0341666922313446,1.2337357961339568
2015-04-08,1.0373672090194774,1.2435313992198882
2015-04-09,1.0389062703306626,1.251344014719832
2015-04-10,1.0391624052933068,1.256474543365461
2015-04-13,1.0385728595839305,1.2533261326591834
2015-04-14,1.0378703473821362,1.2497113014735388
2015-04-15,1.0377933116940357,1.257523916973483
2015-04-16,1.0376447210220643,1.2557751542149214
2015-04-17,1.036066199973137,1.2361845278074826
2015-04-20,1.037486469663277,1.2547255873520915
2015-04-21,1.039758253817207,1.2600895678059134
2015-04-22,1.044422185803101,1.2669696322293362
2015-04-23,1.044043111275657,1.2717505629270993
2015-04-24,1.0524914032519035,1.2890087970554926
2015-04-27,1.0588716259308955,1.2857437570725219
2015-04-28,1.0583512769643755,1.2831785893771117
2015-04-29,1.059309289498805,1.2751323288141663
2015-04-30,1.056196983547224,1.2550749920451492
2015-05-01,1.0561872652650552,1.2716342235326186
2015-05-04,1.0583658717789712,1.2737329707486624
2015-05-05,1.0595524343795242,1.2529764380839135
2015-05-06,1.0583269708241478,1.2443474176471208
2015-05-07,1.061424681961133,1.2518101453169868
2015-05-08,1.061332285236891,1.267436052708703
2015-05-11,1.0627328170020458,1.262538106224631
2015-05-12,1.0652858799888205,1.256824334568135
2015-05-13,1.0645272557174712,1.2593897921457575
2015-05-14,1.0649746445240866,1.2778143190410773
2015-05-15,1.067279693054252,1.2778143190410773
2015-05-18,1.067235922523539,1.283411751303093
2015-05-19,1.066452992111962,1.282012199982781
2015-05-20,1.0650962308775203,1.2828287981744377
2015-05-21,1.0657138183180244,1.2894757006718796
2015-05-22,1.0667399075233945,1.288192585373452
2015-05-26,1.066608609844329,1.2733828896637762
2015-05-27,1.0665940150297333,1.2939068401669682
2015-05-28,1.0685489271403417,1.2909915913866719
2015-05-29,1.0682328360127917,1.2832955085360165
2015-06-01,1.0675763337043904,1.2876095356173927
2015-06-02,1.0670414177494227,1.2835281873249775
2015-06-03,1.0673526393010828,1.2873767602010275
2015-06-04,1.0658597108116856,1.277581060487692
2015-06-05,1.0674255855479133,1.274549182430703
2015-06-08,1.0709026157771102,1.2616057484029182
2015-06-09,1.070761592859339,1.2595067113046623
2015-06-10,1.0681842098192627,1.2767648488056516
2015-06-11,1.068529490576004,1.278630627350522
2015-06-12,1.0681793541564468,1.268136021623667
2015-06-15,1.0680285920868957,1.2618387170740915
2015-06-16,1.06936104718111,1.268718491615302
2015-06-17,1.0729061540812475,1.272217176661274
2015-06-18,1.0736258773977736,1.2907582362058827
2015-06-19,1.0739273876238018,1.2843763826777599
2015-06-22,1.0726046438552195,1.2938438390995253
2015-06-23,1.0764366800798635,1.2948957250200526
2015-06-24,1.0752209278501188,1.2882335553927704
2015-06-25,1.0769813212735369,1.2856622035435008
2015-06-26,1.0761546203312469,1.2771299071381657
2015-06-29,1.0736890984058984,1.2469757796647822
2015-06-30,1.076723595491296,1.2514169684098926
2015-07-01,1.0771563894833156,1.261351714957661
2015-07-02,1.0824424393294596,1.2617020859247596
2015-07-06,1.0822965607488724,1.2587804597357954
2015-07-07,1.0765388020428115,1.261936117497377
2015-07-08,1.0702558387074146,1.2399625626785735
2015-07-09,1.0716952853404669,1.2392618207443769
2015-07-10,1.0722934223035594,1.2581958639412714
2015-07-13,1.073757175076839,1.2802858547819596
2015-07-14,1.0754543474921323,1.2887011354009856
2015-07-15,1.0742337535126458,1.2901033922886116
2015-07-16,1.0759552459812407,1.3083367901787133
2015-07-17,1.0798358944863398,1.3276219773619387
2015-07-20,1.0835317495429546,1.3321794088741254
2015-07-21,1.07599900259888,1.3313616511536204
2015-07-22,1.0765339324669216,1.3162844907895241
2015-07-23,1.0762081161006658,1.311375432153986
2015-07-24,1.0753376446276626,1.2985186729076377
2015-07-27,1.069307551411691,1.2877656855023432
2015-07-28,1.0750507292162301,1.29886962363916
2015-07-29,1.0745644255417175,1.3037785856472939
2015-07-30,1.0760087278375856,1.3099729820115527
2015-07-31,1.0756975062859258,1.3084535160828104
2015-08-03,1.0727019101553514,1.3043627949322019
2015-08-04,1.0757607272940504,1.301908458869241
2015-08-05,1.0776329679191223,1.3119598346937023
2015-08-06,1.0659618327746336,1.2909218264009452
2015-08-07,1.0642014393512156,1.2892856345681059
2015-08-10,1.0635352118041084,1.3040123273376996
2015-08-11,1.0617018721338598,1.287298298748936
2015-08-12,1.0620909095082403,1.2917399706310666
2015-08-13,1.0642014393512156,1.2896360055352043
2015-08-14,1.0645126609028757,1.291623051472162
2015-08-17,1.0702704196089363,1.3023758456226484
2015-08-18,1.0730569022377248,1.295713965877578
2015-08-19,1.070396861625186,1.287181572844839
2015-08-20,1.0640409520429586,1.2515336943139892
2015-08-21,1.0584923137952207,1.1968346601725324
2015-08-24,1.0527053724165054,1.1507843584582944
2015-08-25,1.0535859347599827,1.1464597989898764
2015-08-26,1.0589620915661646,1.2041977649888185
2015-08-27,1.0694370575917034,1.2347032297033413
2015-08-28,1.0722956826264343,1.2344695846403397
2015-08-31,1.0723072068406743,1.219158585958434
2015-09-01,1.0646625687418398,1.1810561781098152
2015-09-02,1.071426596250428,1.214366349854397
2015-09-03,1.0693901016665157,1.2084058884353523
2015-09-04,1.0670585111054773,1.1940297598876648
2015-09-08,1.0716447102656228,1.227690689108961
2015-09-09,1.0709020411100652,1.2138989631009898
2015-09-10,1.071928156425376,1.2271059000596287
2015-09-11,1.0736211644261793,1.2338851821006238
2015-09-14,1.0756171968839228,1.230144928544518
2015-09-15,1.0762971227982712,1.244638072878514
2015-09-16,1.0805845314858595,1.25165051684549
2015-09-17,1.0792260195148489,1.2521181934811094
2015-09-18,1.0782809884546125,1.234309473031823
2015-09-21,1.0809202887151614,1.2381756320954107
2015-09-22,1.0784110953607866,1.2196643337912505
2015-09-23,1.078939038021285,1.22060113647355
2015-09-24,1.0802878969087426,1.2161493187139933
2015-09-25,1.077119969285413,1.2058389814466686
2015-09-28,1.0718375143169707,1.1715101636085543
2015-09-29,1.0692466463402404,1.1654179990377842
2015-09-30,1.0707305808544685,1.1922478539295127
2015-10-01,1.066219842934024,1.197637150763197
2015-10-02,1.0703678094429847,1.2186095490486017
2015-10-05,1.069881439686341,1.2360672221389617
2015-10-06,1.0678712250214197,1.2302085093763853
2015-10-07,1.0629808819539033,1.2375899733994422
2015-10-08,1.0597793298697389,1.2425106273234663
2015-10-09,1.0581842685815885,1.2481345354941926
2015-10-12,1.0554338949481763,1.251181004289194
2015-10-13,1.0573155904026044,1.2430965759016472
2015-10-14,1.05535656865081,1.2411047952218905
2015-10-15,1.05835306254678,1.2614913415565188
2015-10-16,1.0607064224975258,1.266763622603894
2015-10-19,1.0615886885980208,1.2740276843310259
2015-10-20,1.0553014330635748,1.267466683595788
2015-10-21,1.0538666312317817,1.259733495821976
2015-10-22,1.0555474355323595,1.2853925164587874
2015-10-23,1.0560958168561827,1.3213611979710953
2015-10-26,1.0571566186739938,1.3221811781218937
2015-10-27,1.0543963041736333,1.3248765995579683
2015-10-28,1.058074754276259,1.3358892247979546
2015-10-29,1.0580711159145717,1.3337807182141015
2015-10-30,1.0552597845637273,1.3278054728022364
2015-11-02,1.0594533066697636,1.3428022391661596
2015-11-03,1.057517327711856,1.3474885716353542
2015-11-04,1.068547397881609,1.347605684049067
2015-11-05,1.0683284082460915,1.3439741363225215
2015-11-06,1.068687105879649,1.3449111322596292
2015-11-09,1.065017244504343,1.3306169437505793
2015-11-10,1.0587752967032145,1.3272196208514595
2015-11-11,1.0596916334035773,1.32557937066765
2015-11-12,1.0565058622549557,1.3126916906520043
2015-11-13,1.0519770035599842,1.2869155576014797
2015-11-16,1.056382650502766,1.305427242415256
2015-11-17,1.0559807328014053,1.3062472225660546
2015-11-18,1.0612642514547912,1.3313201013698772
2015-11-19,1.0623830416756657,1.3322574838166006
2015-11-20,1.061779127919613,1.341278908141255
2015-11-23,1.0598855605768223,1.3374125558228591
2015-11-24,1.0607079428423885,1.3362411418035174
2015-11-25,1.0658111498873661,1.3374125558228591
2015-11-27,1.066656370856806,1.3392870308340945
2015-11-30,1.0662510624277723,1.3358892247979546
2015-12-01,1.0691290054485054,1.3492464173698966
2015-12-02,1.0660568819117653,1.3409276675275201
2015-12-03,1.0658533830068904,1.318197906644593
2015-12-04,1.0666836331827099,1.3490118060328546
2015-12-07,1.0666638764599208,1.3429193515798723
2015-12-08,1.0644936888431136,1.3430366572483938
2015-12-09,1.0620859035797132,1.3226501109137658
2015-12-10,1.0636078904607553,1.3286255495804389
2015-12-11,1.057187905670428,1.2980463581566235
2015-12-14,1.0575877031356282,1.3078878592594805
2015-12-15,1.0577882081614656,1.315854885351102
2015-12-16,1.0647500206091995,1.3354207751431029
2015-12-17,1.0629956127556544,1.3159719011374107
2015-12-18,1.0600585519794388,1.29072837833803
2015-12-21,1.0617461941538544,1.3050657592966914
2015-12-22,1.0604256907796343,1.3136447267381846
2015-12-23,1.0610115198156675,1.3233992631773932
2015-12-24,1.0611372788423816,1.3231639754485227
2015-12-28,1.059729229515153,1.3224590785359516
2015-12-29,1.0647205287537007,1.3432601564339692
2015-12-30,1.0644302848677598,1.3311553516459655
2015-12-31,1.0643080020550746,1.3145851046344341
2016-01-04,1.0562816054173714,1.2868500442215314
2016-01-05,1.0549380230336167,1.2846170815412574
2016-01-06,1.051772828582912,1.2722774721614034
2016-01-07,1.0479456786578107,1.2324382833523255
2016-01-08,1.0459458188474842,1.2223314433979373
2016-01-11,1.0452187899280927,1.2260920853362984
2016-01-12,1.0469827783130807,1.2403122572538434
2016-01-13,1.0409677293304374,1.1975348223423044
2016-01-14,1.044914171106964,1.2230368234475286
2016-01-15,1.0431103306689586,1.185077617411717
2016-01-19,1.042738106865151,1.1876628836071708
2016-01-20,1.039877215333921,1.1840199338469466
2016-01-21,1.0402436332295415,1.1851950197076422
2016-01-22,1.0441228621036895,1.2195110827284215
2016-01-25,1.0401074556603747,1.2014131564588026
2016-01-26,1.0390180307344574,1.2122249899531659
2016-01-27,1.032980385731565,1.1820217757585227
2016-01-28,1.0341164800159304,1.1987101014578079
2016-01-29,1.0365119349719027,1.2237419136149077
2016-02-01,1.0388368013767293,1.2270322699777398
2016-02-02,1.0309512415696216,1.2004725853077451
2016-02-03,1.02542376856784,1.1947141717905765
2016-02-04,1.0272048508516998,1.1945967694946513
2016-02-05,1.0164979709243496,1.1531119193671369
2016-02-08,1.0016999174172128,1.1354840854182386
2016-02-09,1.0018535275597005,1.1319581514443235
2016-02-10,0.9993673371313743,1.1363063846267347
2016-02-11,1.0068876051158857,1.1346611098179145
2016-02-12,1.0089624095699437,1.1519365436242293
2016-02-16,1.018816404708693,1.1779086370501741
2016-02-17,1.034224970332099,1.2045862071531142
2016-02-18,1.0345219881784078,1.190835837674078
2016-02-19,1.0369790894000486,1.1943614817657808
2016-02-22,1.0532573070168538,1.2137528624660607
2016-02-23,1.0505649103215635,1.193774277031347
2016-02-24,1.0533616504375463,1.2051734118875477
2016-02-25,1.0607899019449714,1.2170429289466809
2016-02-26,1.0628038850315396,1.215515056433786
2016-02-29,1.0630304209289612,1.2045862071531142
2016-03-01,1.0684663649720798,1.2432503101014964
2016-03-02,1.0707670136738185,1.243720112540005
2016-03-03,1.0759689059955753,1.2413697475638057
2016-03-04,1.080324588040404,1.2418401297667385
2016-03-07,1.0802925476243446,1.2342007672022628
2016-03-08,1.0760708625420377,1.2239767182067578
2016-03-09,1.0808119096780147,1.2318508853630836
2016-03-10,1.0778066364703398,1.229970322825393
2016-03-11,1.0833709248193923,1.2514763942633855
2016-03-14,1.0905124789477605,1.2535918580203307
2016-03-15,1.0945338452147775,1.253121862327014
2016-03-16,1.0994284810211457,1.2642862892187685
2016-03-17,1.0994298426268245,1.2635811990513894
2016-03-18,1.1050312617492009,1.2655614810700635
2016-03-21,1.109858632222172,1.2705117996071322
2016-03-22,1.1082990165726474,1.274401632384713
2016-03-23,1.1004851648793967,1.2639113748910404
2016-03-24,1.1070059918300057,1.2642650311898767
2016-03-28,1.10815617878112,1.2624969429505042
2016-03-29,1.1120955709144742,1.2827704352223894
2016-03-30,1.111428999031081,1.289017203639645
2016-03-31,1.1124397307053844,1.2871313265947315
2016-04-01,1.1201610800469384,1.3008041042683127
2016-04-04,1.127205343479758,1.29585417224086
2016-04-05,1.1319138336910517,1.2833596691323081
2016-04-06,1.143599933328722,1.3044583594348107
2016-04-07,1.1336849319926214,1.2857167980267912
2016-04-08,1.1286761645168535,1.2847741010728444
2016-04-11,1.1290042449724065,1.280059263519454
2016-04-12,1.129486771075618,1.2907851952516132
2016-04-13,1.1379701318177116,1.307286933433671
2016-04-14,1.1370379154358314,1.3074051087488285
2016-04-15,1.1390093164433668,1.3041045098811666
2016-04-18,1.1391507934643434,1.3110591706605188
2016-04-19,1.1321866212311078,1.3030438308668706
2016-04-20,1.1353812353582626,1.3041045098811666
2016-04-21,1.1330486815473302,1.304222685196324
2016-04-22,1.135189675433409,1.284538330206954
2016-04-25,1.1344630746961222,1.284538330206954
2016-04-26,1.1337820443948017,1.2782910786526778
2016-04-27,1.1265691488475955,1.2680363021426837
2016-04-28,1.12112278356852,1.2527134182900794
2016-04-29,1.1263700707310953,1.2461128969465838
2016-05-02,1.1319353460758481,1.2579001840848674
2016-05-03,1.1226838368042478,1.2462309756343373
2016-05-04,1.1142937074835855,1.238215829095497
2016-05-05,1.1029552601232222,1.2378621727966608
2016-05-06,1.1083333244023512,1.2444628873949648
2016-05-09,1.1047126186359444,1.2479991605011136
2016-05-10,1.1094560871160946,1.26509013259309
2016-05-11,1.1091999153416408,1.2536567916358545
2016-05-12,1.1067325874191647,1.2481168526792508
2016-05-13,1.1071998220823578,1.24351999718621
2016-05-16,1.1115434117433836,1.2590786519047048
2016-05-17,1.1082023986273124,1.2432841296929151
2016-05-18,1.1146133396811666,1.2477632930078189
2016-05-19,1.1174335831789173,1.2412804638424602
2016-05-20,1.1226376030375875,1.2549529516338294
2016-05-23,1.1207627363665607,1.2533032319644228
2016-05-24,1.1237754945509524,1.2784091573404315
2016-05-25,1.1270551073414476,1.2876026750717047
2016-05-26,1.1323743755433577,1.2913747190437443
2016-05-27,1.1306448232150064,1.2980930291927815
2016-05-31,1.1302424278186884,1.3005685266572298
2016-06-01,1.1257269997938288,1.3006864120901753
2016-06-02,1.1244107033600514,1.3033974871657066
2016-06-03,1.1246608741385233,1.29726821767178
2016-06-06,1.1268140123798513,1.3019830552251703
2016-06-07,1.136581364118225,1.2986825529849124
2016-06-08,1.1390199732874573,1.3009220863286621
2016-06-09,1.1349019619960812,1.2988005350452616
2016-06-10,1.1255304113534574,1.2840670783573844
2016-06-13,1.1231101737310325,1.2733407601156088
2016-06-14,1.1209211539609962,1.2733407601156088
2016-06-15,1.1227481004911781,1.2696871813409392
2016-06-16,1.1233956165040435,1.2734588388033623
2016-06-17,1.118919406383142,1.2585322239347818
2016-06-20,1.1220384751005978,1.26645006667774
2016-06-21,1.1228827599140345,1.2704687037849245
2016-06-22,1.1041414275985377,1.2673957590812126
2016-06-23,1.1045557848035386,1.2854776452017587
2016-06-24,1.0989055904582827,1.2325317220520453
2016-06-27,1.1016812241229401,1.2080680790307807
2016-06-28,1.1060227601814625,1.2345408956645314
2016-06-29,1.1136494403679158,1.256404488497522
2016-06-30,1.1166763473570467,1.2709413084181505
2016-07-01,1.1203756496214674,1.2773233552010812
2016-07-05,1.1173445290919723,1.269523108008856
2016-07-06,1.1183227830878801,1.279923502016759
2016-07-07,1.1199848254820484,1.2837049188469916
2016-07-08,1.1214928585469774,1.3035599178319206
2016-07-11,1.1282231702589338,1.3110054458238651
2016-07-12,1.1286170065579808,1.3176234567274945
2016-07-13,1.126301279976269,1.3144327232182411
2016-07-14,1.127674094104321,1.3234144336798295
2016-07-15,1.1267600469851675,1.3212876645166105
2016-07-18,1.1326210485395685,1.3300331209752876
2016-07-19,1.1318754431964493,1.3251870634071925
2016-07-20,1.1344537422814667,1.340669672358697
2016-07-21,1.1275751246968873,1.3375964377727732
2016-07-22,1.1281181751306433,1.343150967467389
2016-07-25,1.1328084913404655,1.3432695292921628
2016-07-26,1.1316512269287524,1.3448060016440189
2016-07-27,1.1379394741297606,1.3541425279332913
2016-07-28,1.141205282275025,1.3588697337944007
2016-07-29,1.1443975248004106,1.3618239234185305
2016-08-01,1.142660084245659,1.3690332940349679
2016-08-02,1.1386394619931854,1.3586331899092774
2016-08-03,1.1389947650494059,1.3631240451400715
2016-08-04,1.143584514016916,1.367024217049886
2016-08-05,1.1449520353235436,1.3801423534241999
2016-08-08,1.1428725118787268,1.3786061709545563
2016-08-09,1.1457055888323158,1.3817968078364051
2016-08-10,1.1420443113998215,1.3782513551268714
2016-08-11,1.1413735597077157,1.384160604021768
2016-08-12,1.1422170626982695,1.3851061997978362
2016-08-15,1.1436794730487398,1.3910151588105206
2016-08-16,1.1419839659365238,1.3833334734430691
2016-08-17,1.1415063928130917,1.3858154449435893
2016-08-18,1.1415629269788645,1.386169970889062
2016-08-19,1.1430716177820988,1.3858154449435893
2016-08-22,1.1404513616665006,1.386878829525199
2016-08-23,1.1423638661877549,1.3893608010257195
2016-08-24,1.1396578446725862,1.3803789939367272
2016-08-25,1.1378086114523858,1.3781335663213299
2016-08-26,1.1363172727005812,1.3801423534241999
2016-08-29,1.132354199614247,1.3820331584667203
2016-08-30,1.1283380347841308,1.3775422066085221
2016-08-31,1.128986996557785,1.376124392708844
2016-09-01,1.1207240911366425,1.3796697487909737
2016-09-02,1.1194726601649485,1.384160604021768
2016-09-06,1.1234728315355278,1.3927879817926914
2016-09-07,1.12332868325075,1.3936154988810066
2016-09-08,1.1166239419045911,1.3854609189981169
2016-09-09,1.1115973082362456,1.3505967853415457
2016-09-12,1.117283919808864,1.374824270987303
2016-09-13,1.1183408169774482,1.362533458446496
2016-09-14,1.1229724938558099,1.3690332940349679
2016-09-15,1.1304973282390223,1.3903061069195752
2016-09-16,1.1337365408876612,1.3896426631633434
2016-09-19,1.1329636387380937,1.3836006482152774
2016-09-20,1.1315941605743882,1.3862069791848144
2016-09-21,1.13203475260925,1.3998323128030055
2016-09-22,1.1342182036140607,1.4109686211201802
2016-09-23,1.1328610265905334,1.4019645897282556
2016-09-26,1.1342845975028344,1.390235182405
2016-09-27,1.131983010414649,1.4039787879657526
2016-09-28,1.1333284445441933,1.4063484784227622
2016-09-29,1.1268659123373066,1.3961593119201208
2016-09-30,1.1305155093168768,1.4065854088175018
2016-10-03,1.137637894545919,1.4045712105800048
2016-10-04,1.1363543501300626,1.4024387403999465
2016-10-05,1.134054513518826,1.4074144719442816
2016-10-06,1.129050184584725,1.4067038740148716
2016-10-07,1.1257364365801363,1.4036231991188355
2016-10-10,1.1314665676471618,1.4125094417052189
2016-10-11,1.1310718360509748,1.3923679424672706
2016-10-12,1.1333809533739672,1.3911830006113617
2016-10-13,1.1319569603426256,1.3862069791848144
2016-10-14,1.1297163376225012,1.3878655885753943
2016-10-17,1.127588272062289,1.384074315749948
2016-10-18,1.1316034468816845,1.396396049060052
2016-10-19,1.1347684214330052,1.3962774872352783
2016-10-20,1.1311371889517035,1.3946190710995068
2016-10-21,1.1314049749194526,1.3998323128030055
2016-10-24,1.1347320422397305,1.416655916867966
2016-10-25,1.1350788601018793,1.4121539494857054
2016-10-26,1.1319740211290892,1.4025572055973163
2016-10-27,1.132125735589622,1.3961593119201208
2016-10-28,1.1280340059689586,1.3873914379037033
2016-10-31,1.1260398295602538,1.3860883207326369
2016-11-01,1.118164367696096,1.3756621272078515
2016-11-02,1.1160652192564229,1.364643607696218
2016-11-03,1.1142257105592326,1.351255397727575
2016-11-04,1.115602583480626,1.346516499950575
2016-11-07,1.1195141664311956,1.3785055818269363
2016-11-08,1.1216391851605714,1.3875103862380933
2016-11-09,1.1175349333424058,1.3939076035234603
2016-11-10,1.110240273230099,1.3713969935929264
2016-11-11,1.113536182637613,1.3719895128345834
2016-11-14,1.104747121156961,1.358127442076461
2016-11-15,1.1082007640322402,1.3769656308885343
2016-11-16,1.1116204990339988,1.3851406957810832
2016-11-17,1.115353474611057,1.3952113004589513
2016-11-18,1.1125713442743597,1.3899980587554526
2016-11-21,1.1140807726731772,1.4044527453826354
2016-11-22,1.1194732479867888,1.4087180722523684
2016-11-23,1.1203955319313126,1.4030307765045829
2016-11-25,1.1238396652891296,1.4075330337690553
2016-11-28,1.1231648087664368,1.4043344734400738
2016-11-29,1.1178064525303353,1.4091916431596352
2016-11-30,1.116596169167293,1.3921309154451273
2016-12-01,1.1094113059822455,1.368079581556959
2016-12-02,1.1095524337450553,1.3708046676060783
2016-12-05,1.1129073948873431,1.3814676948981988
2016-12-06,1.1131086429873385,1.3847848170519539
2016-12-07,1.120174887765725,1.402320275202577
2016-12-08,1.1207337561150195,1.4048083342295525
2016-12-09,1.1227376646054679,1.4158264672315697
2016-12-12,1.1221943959469576,1.4094287668091825
2016-12-13,1.1289242651055873,1.4272005755901207
2016-12-14,1.1293556597743228,1.424238462518858
2016-12-15,1.1291890513464304,1.4264897844059024
2016-12-16,1.1332829623580354,1.4212020429738785
2016-12-19,1.1342405215504692,1.427024810342147
2016-12-20,1.1394360467384732,1.4324906360798415
2016-12-21,1.1386910066540104,1.4314213572265848
2016-12-22,1.1384100328149807,1.4273809789534886
2016-12-23,1.142579397700555,1.4283317926093755
2016-12-27,1.1483702819616632,1.4356990524040367
2016-12-28,1.1479665396609997,1.424528924495443
2016-12-29,1.1438899421204636,1.422508638731491
2016-12-30,1.1420589065872229,1.4078930674765588
2017-01-03,1.1450723491396546,1.420488932731963
2017-01-04,1.1529125131908042,1.428213037529794
2017-01-05,1.1533951594598222,1.4362930210567542
2017-01-06,1.1566865667196198,1.4488892728217742
2017-01-09,1.1597345500318381,1.453642664709382
2017-01-10,1.1587452380361456,1.4568505978965567
2017-01-11,1.1593649665827968,1.460771931207859
2017-01-12,1.1586815875618,1.4585143285395512
2017-01-13,1.164960360099814,1.4635052305863225
2017-01-17,1.1643241165859182,1.459108780329289
2017-01-18,1.1665335569221307,1.4620792999847039
2017-01-19,1.1706074291362027,1.4613665762524046
2017-01-20,1.1716338043487209,1.4645745094395797
2017-01-23,1.1750725344365827,1.4657629298820345
2017-01-24,1.179492390742014,1.475625689013783
2017-01-25,1.1815637705249893,1.4904797367019191
2017-01-26,1.1800665314966823,1.4920245190105237
2017-01-27,1.1804294809109535,1.494876186958953
2017-01-30,1.1782103085801536,1.483230942104628
2017-01-31,1.1789288032580616,1.4802602291944047
2017-02-01,1.185238285235278,1.4904797367019191
2017-02-02,1.1870836976673098,1.4891725611798825
2017-02-03,1.1869079353953251,1.4934503529847383
2017-02-06,1.1920526959431035,1.4952326454525064
2017-02-07,1.1918210051562232,1.5006990509546256
2017-02-08,1.1954958308537862,1.5031941637820971
2017-02-09,1.2011838088161633,1.508660376029408
2017-02-10,1.201207784709962,1.5136513747035834
2017-02-13,1.2102909686513763,1.5222074414503155
2017-02-14,1.2105945414077486,1.5273169053218607
2017-02-15,1.2096199178964384,1.5363473159950916
2017-02-16,1.2009840935063318,1.5358722956767645
2017-02-17,1.2036043912838903,1.54252644522951
2017-02-21,1.2077265765327614,1.5501323747121831
2017-02-22,1.2046269437268458,1.5507262467374965
2017-02-23,1.1906306900245331,1.544903479369228
2017-02-24,1.191437550847109,1.5478740956520471
2017-02-27,1.1828336790780993,1.5497758195912252
2017-02-28,1.1858374540207244,1.545022331076214
2017-03-01,1.185861407058571,1.5618959881364738
2017-03-02,1.1862289079130888,1.5540529350042531
2017-03-03,1.1870996739778583,1.5569052793445106
2017-03-06,1.1868120775320345,1.553459352861152
2017-03-07,1.184719020858526,1.5508451950718867
2017-03-08,1.1833449667275533,1.55357849445035
2017-03-09,1.1817711972867488,1.5547663351283807
2017-03-10,1.180804550502737,1.5613017296015441
2017-03-13,1.182785750146454,1.5639164671552341
2017-03-14,1.1922364349423864,1.5601135990413015
2017-03-15,1.1904229979874037,1.5697387513864824
2017-03-16,1.1954718549599874,1.5686698590428418
2017-03-17,1.1950324721359777,1.568121885034454
2017-03-20,1.1953679975134466,1.5695513908500225
2017-03-21,1.1863886710185731,1.545735248063321
2017-03-22,1.1898478050957562,1.5562140068959114
2017-03-23,1.1896640432405212,1.5522847501374766
2017-03-24,1.1963586201912575,1.555499640497743
2017-03-27,1.2019986692219893,1.5580002610872459
2017-03-28,1.2077745283203587,1.567526273715868
2017-03-29,1.2077185998054631,1.5747902388155957
2017-03-30,1.2081499830462228,1.5774097111120837
2017-03-31,1.2084535558025948,1.5763380165737255
2017-04-03,1.2246067714206095,1.5753859467615858
2017-04-04,1.2246067714206095,1.5778858909592597
2017-04-05,1.2246067714206095,1.5714558203565145
2017-04-06,1.2246067714206095,1.5722895215986887
2017-04-07,1.2246067714206095,1.5714558203565145
2017-04-10,1.2246067714206095,1.5720514316751009
2017-04-11,1.2246067714206095,1.5652641295595693
2017-04-12,1.2246067714206095,1.5589527174090019
2017-04-13,1.2246067714206095,1.5527604468476324
2017-04-17,1.2246067714206095,1.5656212644449514
2017-04-18,1.2246067714206095,1.5632394955624347
2017-04-19,1.2246067714206095,1.5657399228971292
2017-04-20,1.2246067714206095,1.578838637163228
2017-04-21,1.2246067714206095,1.5784814056504421
2017-04-24,1.2246067714206095,1.5975342039269185
2017-04-25,1.2246067714206095,1.6090839809060384
2017-04-26,1.2246067714206095,1.606821450240124
2017-04-27,1.2246067714206095,1.6164665078305398
2017-04-28,1.2246067714206095,1.6193248430698488
2017-05-01,1.2246067714206095,1.6337332451704898
2017-05-02,1.2246067714206095,1.6364714725465601
2017-05-03,1.2246067714206095,1.6312325279535833
2017-05-04,1.2246067714206095,1.6318281392721696
2017-05-05,1.2246067714206095,1.6377817401455266
2017-05-08,1.2246067714206095,1.6413542485281956
2017-05-09,1.2246067714206095,1.6470695662231565
2017-05-10,1.2246067714206095,1.6480221191723168
2017-05-11,1.2246067714206095,1.646711465063734
2017-05-12,1.2246067714206095,1.6504035981726213
2017-05-15,1.2246067714206095,1.6556427360204062
2017-05-16,1.2246067714206095,1.6625494696073477
2017-05-17,1.2246067714206095,1.6202773960190089
2017-05-18,1.2246067714206095,1.6344475149412538
2017-05-19,1.2246067714206095,1.6413542485281956
2017-05-22,1.2246067714206095,1.6551667494280382
2017-05-23,1.2246067714206095,1.6568335721479623
2017-05-24,1.2246067714206095,1.66445438225086
2017-05-25,1.2246067714206095,1.6786251775649335
2017-05-26,1.2246067714206095,1.6816016881193998
2017-05-30,1.2246067714206095,1.6830308074253522
2017-05-31,1.2246067714206095,1.682435002851958
2017-06-01,1.2246067714206095,1.6889851813179417
2017-06-02,1.2246067714206095,1.7082747167343493
2017-06-05,1.2246067714206095,1.7079177751037755
2017-06-06,1.2246067714206095,1.701130279733436
2017-06-07,1.2246067714206095,1.7077987301419815
2017-06-08,1.2246067714206095,1.709585177588124
2017-06-09,1.2246067714206095,1.6668362477607808
2017-06-12,1.2246067714206095,1.657905749823341
2017-06-13,1.2246067714206095,1.6713613090926098
2017-06-14,1.2246067714206095,1.6640970541106699
2017-06-15,1.2246067714206095,1.6567145271861685
2017-06-16,1.2246067714206095,1.649526994363047
2017-06-19,1.2246067714206095,1.6771087070857165
2017-06-20,1.2246067714206095,1.6639741440527138
2017-06-21,1.2246067714206095,1.6804524017755866
2017-06-22,1.2246067714206095,1.6799746758899456
2017-06-23,1.2246067714206095,1.6864218495432084
2017-06-26,1.2246067714206095,1.6785411117234068
2017-06-27,1.2246067714206095,1.6480936234513164
2017-06-28,1.2246067714206095,1.6718554616369397
2017-06-29,1.2246067714206095,1.6428397982381153
2017-06-30,1.2246067714206095,1.6434375353595907
2017-07-03,1.2246067714206095,1.6261240303560787
2017-07-05,1.2246067714206095,1.6421239824288862
2017-07-06,1.2246067714206095,1.627318345070181
2017-07-07,1.2246067714206095,1.6448699399972808
2017-07-10,1.2246067714206095,1.6556162601116955
2017-07-11,1.2246067714206095,1.6602731212226536
2017-07-12,1.2246067714206095,1.6799746758899456
2017-07-13,1.2246067714206095,1.6836753122103896
2017-07-14,1.2246067714206095,1.6969293067148026
2017-07-17,1.2246067714206095,1.697765133759866
2017-07-18,1.2246067714206095,1.7091084179765237
2017-07-19,1.2246067714206095,1.719138342517285
2017-07-20,1.2246067714206095,1.7214063809452305
2017-07-21,1.2246067714206095,1.7206901786263855
2017-07-24,1.2246067714206095,1.7285701434269547
2017-07-25,1.2246067714206095,1.7241527250232414
2017-07-26,1.2246067714206095,1.7297642648862488
2017-07-27,1.2246067714206095,1.7188987065552321
2017-07-28,1.2246067714206095,1.7174657221531175
2017-07-31,1.2246067714206095,1.7101825281999832
2017-08-01,1.2246067714206095,1.71412280048248
2017-08-02,1.2246067714206095,1.7187792750838218
2017-08-03,1.2246067714206095,1.7120934317425467
2017-08-04,1.2246067714206095,1.7151980702347882
2017-08-07,1.2246067714206095,1.7260626622917643
2017-08-08,1.2246067714206095,1.7230774552709331
2017-08-09,1.2246067714206095,1.7208092235881793
2017-08-10,1.2246067714206095,1.6839145616628262
2017-08-11,1.2246067714206095,1.6966898640075578
2017-08-14,1.2246067714206095,1.7185406053958094
2017-08-15,1.2246067714206095,1.719735306619528
2017-08-16,1.2246067714206095,1.7227197406211268
2017-08-17,1.2246067714206095,1.6874967327859005
2017-08-18,1.2246067714206095,1.6863024180717983
2017-08-21,1.2246067714206095,1.6841532313508385
2017-08-22,1.2246067714206095,1.7098248135501768
2017-08-23,1.2246067714206095,1.7037351612919123
2017-08-24,1.2246067714206095,1.6987205855311478
2017-08-25,1.2246067714206095,1.6951382211532655
2017-08-28,1.2246067714206095,1.7003912733472342
2017-08-29,1.2246067714206095,1.7070784694721661
2017-08-30,1.2246067714206095,1.7271377387892644
2017-08-31,1.2246067714206095,1.7456440124684136
2017-09-01,1.2246067714206095,1.7432565425690578
2017-09-05,1.2246067714206095,1.727615078165289
2017-09-06,1.2246067714206095,1.7328690966332982
2017-09-07,1.2246067714206095,1.7369286071323973
2017-09-08,1.2246067714206095,1.7218841068308715
2017-09-11,1.2246067714206095,1.7417047064599576
2017-09-12,1.2246067714206095,1.7458840349400828
2017-09-13,1.2246067714206095,1.7482718913490547
2017-09-14,1.2246067714206095,1.738002910610665
2017-09-15,1.2246067714206095,1.7439735179071354
2017-09-18,1.2246067714206095,1.7416878932916522
2017-09-19,1.2246067714206095,1.744679477721151
2017-09-20,1.2246067714206095,1.7392944324932451
2017-09-21,1.2246067714206095,1.728644739782884
2017-09-22,1.2246067714206095,1.7269694138514031
2017-09-25,1.2246067714206095,1.7087800780575495
2017-09-26,1.2246067714206095,1.7132077389660925
2017-09-27,1.2246067714206095,1.728644739782884
2017-09-28,1.2246067714206095,1.7280464228969843
2017-09-29,1.2246067714206095,1.7404908730102364
2017-10-02,1.2246067714206095,1.742046767470307
2017-10-03,1.2246067714206095,1.7457568732763482
2017-10-04,1.2246067714206095,1.7474312329337887
2017-10-05,1.2246067714206095,1.7645427866628287
2017-10-06,1.2246067714206095,1.766936440716044
2017-10-09,1.2246067714206095,1.7649026271155241
2017-10-10,1.2246067714206095,1.7662183058491177
2017-10-11,1.2246067714206095,1.771483146586381
2017-10-12,1.2246067714206095,1.768253085723678
2017-10-13,1.2246067714206095,1.7750734344113956
2017-10-16,1.2246067714206095,1.7811764212514196
2017-10-17,1.2246067714206095,1.783449484304376
2017-10-18,1.2246067714206095,1.781296045977638
2017-10-19,1.2246067714206095,1.7747141737231245
2017-10-20,1.2246067714206095,1.779501481829555
2017-10-23,1.2246067714206095,1.7678936317805987
2017-10-24,1.2246067714206095,1.7708857959745217
2017-10-25,1.2246067714206095,1.7641844922485979
2017-10-26,1.2246067714206095,1.7585607773326797
2017-10-27,1.2246067714206095,1.8097758137935813
2017-10-30,1.2246067714206095,1.8138444072686613
2017-10-31,1.2246067714206095,1.8206647559563789
2017-11-01,1.2246067714206095,1.8200666323252872
2017-11-02,1.2246067714206095,1.8165959692264908
2017-11-03,1.2260042303631427,1.8340673634082263
2017-11-06,1.2253269844098804,1.8402895884648525
2017-11-07,1.2259960467233144,1.8413671772748579
2017-11-08,1.2256564022551595,1.848785069829243
2017-11-09,1.2253699514458891,1.839093147947861
2017-11-10,1.2253699514458891,1.8389733299668345
2017-11-13,1.227909110097951,1.8412469727842153
2017-11-14,1.2265382509117697,1.8345452825486754
2017-11-15,1.2270702226235297,1.8259297899484503
2017-11-16,1.227315749379839,1.8492639552437324
2017-11-17,1.2278374944687234,1.8422037773391537
2017-11-20,1.226546434551598,1.840768473879342
2017-11-21,1.2284022065936164,1.8607519873116622
2017-11-22,1.2273362143332294,1.863025630129043
2017-11-24,1.227939801674217,1.8698455923071444
2017-11-27,1.2281976038902687,1.8690084124784243
2017-11-28,1.2283490129347323,1.8737949475656224
2017-11-29,1.2263009077952889,1.8411273480579968
2017-11-30,1.2265689424880357,1.856563382600748
2017-12-01,1.226094256255074,1.848666024867449
2017-12-04,1.225822129742413,1.8273660596823027
2017-12-05,1.2255152256873911,1.8285623069444858
2017-12-06,1.2274712560980363,1.8368196983852885
2017-12-07,1.2270579471637872,1.8430417301871065
2017-12-08,1.2278538676021997,1.8511789171372663
2017-12-11,1.230673336406751,1.8655385223988603
2017-12-12,1.233153154889328,1.863025630129043
2017-12-13,1.2327439436288128,1.8666151449348254
2017-12-14,1.232510692332246,1.8652986931819993
2017-12-15,1.2336483060756802,1.8864796134053516
2017-12-18,1.2327112090694994,1.902295200391225
2017-12-19,1.231121422883361,1.8910238069631833
2017-12-20,1.230687654849541,1.8889855485020772
2017-12-21,1.2312359996947773,1.8892251844641301
2017-12-22,1.2299142482013858,1.8870673012768056
2017-12-26,1.2282958134220285,1.8768740764231937
2017-12-27,1.2271397894158904,1.8771139056400545
2017-12-28,1.2279009264581227,1.879392379827638
2017-12-29,1.227080455100225,1.8677605661824763
2018-01-02,1.228958740932501,1.900496964401788
2018-01-03,1.2282876297822,1.918963234335659
2018-01-04,1.227749517413659,1.922321229881329
2018-01-05,1.228150545034346,1.9416269987016175
2018-01-08,1.2322078800971386,1.9491815224053344
2018-01-09,1.2316513516120737,1.949301920150785
2018-01-10,1.2318784622518593,1.9447445852660021
2018-01-11,1.232522973645808,1.9580546236647662
2018-01-12,1.232169004881044,1.972444376676425
2018-01-16,1.2329546928427613,1.9668094529816367
2018-01-17,1.234407388427226,1.9880330825175807
2018-01-18,1.2338774596985131,1.9883929229702761
2018-01-19,1.2349925655055096,1.9946288691182779
2018-01-22,1.2353076532003597,2.0159730896544805
2018-01-23,1.2355593206134499,2.0326401573248742
2018-01-24,1.234147543228127,2.019450516671561
2018-01-25,1.232459541656409,2.0187308357661697
2018-01-26,1.2335255397706157,2.049668611486428
2018-01-29,1.234892307136883,2.0397159888689096
2018-01-30,1.2341332189315175,2.022927943688641
2018-01-31,1.2358703223422054,2.0313221595335835
2018-02-01,1.234835015804265,2.0140540694099767
2018-02-02,1.2337096892282124,1.973883545232399
2018-02-05,1.2315367748006572,1.8960600272624557
2018-02-06,1.2317086429446917,1.9463035718030026
2018-02-07,1.2339654426073972,1.9211215040325997
2018-02-08,1.2278743267017707,1.840061547791286
2018-02-09,1.2268901766934865,1.8718382426335374
2018-02-12,1.2279766339072642,1.9050539127769546
2018-02-13,1.229599154652716,1.9148867174134467
2018-02-14,1.2293229363201408,1.9507401224327185
2018-02-15,1.2317291020442627,1.9869541409239184
2018-02-16,1.2320196388196276,1.9780810396644866
2018-02-20,1.2318723274488979,1.9820377386056725
2018-02-21,1.231571552343018,1.9764018486368433
2018-02-22,1.2342048287069254,1.9761625991844067
2018-02-23,1.2354079115689862,2.016572179559613
2018-02-26,1.2365066442425063,2.043313040612208
2018-02-27,1.2351910275520763,2.018011927880011
2018-02-28,1.2335685068066244,2.00506095691471
2018-03-01,1.2310866394871807,1.972325138459823
2018-03-02,1.2319439372243057,1.9904321477054228
2018-03-05,1.231581784819713,2.0124956626374004
2018-03-06,1.230528062165249,2.021009309953753
2018-03-07,1.23136694963967,2.0256862695647544
2018-03-08,1.2307122116228455,2.036838231521386
2018-03-09,1.23031731880512,2.076408699519791
2018-03-12,1.234069792795938,2.0874406502405876
2018-03-13,1.2333188882304011,2.05902156443439
2018-03-14,1.2302068338136178,2.0586617239816944
2018-03-15,1.2299960904534888,2.0568631014826413
2018-03-16,1.2291265114028016,2.050747746334898
2018-03-19,1.227532633396749,2.0069925387217413
2018-03-20,1.226916770596019,2.013598567827268
2018-03-21,1.2281403125576507,2.0048305971834464
2018-03-22,1.2266200931638727,1.9553459642743365
2018-03-23,1.2250732740137429,1.9038205605916148
2018-03-26,1.225613435219151,1.9745632223925118
2018-03-27,1.22049828568198,1.9106660324043865
2018-03-28,1.2164444443251845,1.8886871630783597
2018-03-29,1.2228331463883184,1.9232776479266513
2018-04-02,1.215055655244979,1.8677885881296519
2018-04-03,1.221974608774129,1.888806787804578
2018-04-04,1.2301208210496435,1.9185937311425583
2018-04-05,1.240094178586261,1.9295228703054421
2018-04-06,1.2364079261675092,1.8812402823027585
2018-04-09,1.232453661120822,1.894451760749388
2018-04-10,1.241929947637578,1.9362492971564198
2018-04-11,1.2407822316252126,1.9250795557574425
2018-04-12,1.23678223500456,1.9482606632447037
2018-04-13,1.2398006800096457,1.9381710229682374
2018-04-16,1.2359027304192731,1.952944580028797
2018-04-17,1.2358874318871924,1.9949813658882654
2018-04-18,1.2374588816544745,1.9990654197479938
2018-04-19,1.241121367749348,1.9806893998095088
2018-04-20,1.2360566925851817,1.9493411508768308
2018-04-23,1.232853689447778,1.9444168251114524
2018-04-24,1.230427828275329,1.9032208909220583
2018-04-25,1.2292075055666998,1.905501684167339
2018-04-26,1.2371187524127267,1.9456180969986465
2018-04-27,1.240678979918571,1.9468185958666082
2018-04-30,1.2399622506033035,1.9330064814763817
2018-05-01,1.2433600637274207,1.9551063283122836
2018-05-02,1.244787930773739,1.9435761666961864
2018-05-03,1.2366088664551158,1.9433361442245172
2018-05-04,1.241894121325792,1.98020838859213
2018-05-07,1.2462633300232862,1.9966644220120704
2018-05-08,1.2462917292053035,1.9946221051999942
2018-05-09,1.24994099552227,2.016361338563968
2018-05-10,1.2502853685132886,2.0372593337482514
2018-05-11,1.249126104401602,2.03533799444605
2018-05-14,1.2449811648751772,2.0388212191073736
2018-05-15,1.24061918021128,2.016240554308901
2018-05-16,1.2411834408010975,2.0295728170105973
2018-05-17,1.2405532743890202,2.0217651295082604
2018-05-18,1.236719233813637,2.0113160352887145
2018-05-21,1.2408238998322858,2.0226061744331427
2018-05-22,1.2363708469976082,2.019964574461126
2018-05-23,1.2394022792699877,2.037020084295815
2018-05-24,1.238475912762018,2.0364186753329854
2018-05-25,1.2385115693784814,2.0384606056354455
2018-05-29,1.2410034201592406,2.0294520327555303
2018-05-30,1.2452839397779087,2.043985567344421
2018-05-31,1.243852197497815,2.0426642842213925
2018-06-01,1.2478616951806278,2.074733566843118
2018-06-04,1.2500292181126742,2.0934696204891066
2018-06-05,1.247557717379351,2.099955638358799
2018-06-06,1.2600561748856511,2.1122070269187523
2018-06-07,1.258553894080469,2.095031699103037
2018-06-08,1.2592455674155798,2.0951519035936794
2018-06-11,1.2656071319548508,2.100795910264449
2018-06-12,1.2703078284394616,2.111846026937208
2018-06-13,1.2711933306350454,2.1117262089561817
2018-06-14,1.2768940771552701,2.1331050221030354
2018-06-15,1.2770923301235615,2.1256583345822424
2018-06-18,1.2826697184010074,2.1244305867863376
2018-06-19,1.2746164178867163,2.118413018571497
2018-06-20,1.2788765690252963,2.1334584851470635
2018-06-21,1.272396045142473,2.1149218704630415
2018-06-22,1.2662811844844637,2.110228290938543
2018-06-25,1.2660080367906599,2.0626833565384044
2018-06-26,1.269968596422894,2.0711094594266846
2018-06-27,1.2710699849965625,2.0429441171835316
2018-06-28,1.2734621795008507,2.060517743158756
2018-06-29,1.2703871220642007,2.0660543001562175
2018-07-02,1.2669155712952636,2.0798957892772765
2018-07-03,1.2562498162079645,2.055823390615025
2018-07-05,1.2555008689528389,2.081340368967877
2018-07-06,1.255386321112809,2.113718472772958
2018-07-09,1.2596200284388468,2.132736098674359
2018-07-10,1.261364614226064,2.1343010761104106
2018-07-11,1.2598182814071381,2.1234683710967723
2018-07-12,1.258827041774273,2.1600580769349325
2018-07-13,1.2597786282926207,2.161864043116694
2018-07-16,1.2559149830906233,2.156688292845968
2018-07-17,1.2614615412605965,2.1698083617683626
2018-07-18,1.2619725824329133,2.1657158046970775
2018-07-19,1.2603777860967211,2.154883099683439
2018-07-20,1.257448106607574,2.1544018952112522
2018-07-23,1.252875179869264,2.161262440899056
2018-07-24,1.2503331959139508,2.1701691684950988
2018-07-25,1.2553158378908185,2.2005014769015574
2018-07-26,1.2543950814799438,2.1671599978780622
2018-07-27,1.250223059577443,2.1379114624354685
2018-07-30,1.2471347928388177,2.1076997450292687
2018-07-31,1.2512000687105789,2.1238287913138922
2018-08-01,1.2520505522397507,2.1318931212013954
2018-08-02,1.2752260331972014,2.160901247662704
2018-08-03,1.2751364511779721,2.1675215776240306
2018-08-06,1.2752973017069367,2.180280066800457
2018-08-07,1.2911679164027867,2.1882238056877017
2018-08-08,1.2876010288444,2.190871976323194
2018-08-09,1.2789576914698615,2.18954818088766
2018-08-10,1.2792653334799136,2.172816952620975
2018-08-13,1.27959410246072,2.1704103504956165
2018-08-14,1.2761168637458562,2.1840110441257736
2018-08-15,1.2715979498340166,2.15729047482803
2018-08-16,1.2684098735075024,2.164391622751927
2018-08-17,1.254887270833406,2.164873020478922
2018-08-20,1.2557086108876594,2.1629478160805586
2018-08-21,1.2616821724334548,2.1708913617129952
2018-08-22,1.2619394715187429,2.1793174646012754
2018-08-23,1.2609912526543503,2.176188089493596
2018-08-24,1.2628274877203232,2.19640911308508
2018-08-27,1.2622878432073439,2.218795943311021
2018-08-28,1.2585859214907325,2.222046295928575
2018-08-29,1.2554369099229445,2.247684445046111
2018-08-30,1.2552517698691568,2.2437120924654685
2018-08-31,1.2538990963559022,2.246600478827438
2018-09-04,1.2466337691305822,2.236971558013499
2018-09-05,1.2415660036847522,2.2080840225524496
2018-09-06,1.2399634458000708,2.1883445899427687
2018-09-07,1.23234718201864,2.1799182937996804
2018-09-10,1.2425694393825724,2.1872612034885197
2018-09-11,1.240541266374907,2.204111476716999
2018-09-12,1.243995139479793,2.1976123175203552
2018-09-13,1.243286044981849,2.2210835004745855
2018-09-14,1.246164770456851,2.2145839547683255
2018-09-17,1.2453718857909026,2.1826870554354314
2018-09-18,1.2409171536178316,2.2007416926280343
2018-09-19,1.2481174340269188,2.1990572837205726
2018-09-20,1.248892462863175,2.2233706711285337
2018-09-21,1.2481052838339186,2.211213977424553
2018-09-24,1.2492648391433492,2.2173627656540984
2018-09-25,1.2496596975333887,2.2203779271701864
2018-09-26,1.2541876714814737,2.221944643899511
2018-09-27,1.2539691024816721,2.240755100646621
2018-09-28,1.2335388620933974,2.240273509664818
2018-10-01,1.2530370630976435,2.2448557744198467
2018-10-02,1.247638842563137,2.2397913389185904
2018-10-03,1.2460286358794812,2.2422025791593434
2018-10-04,1.2390096716009236,2.199155457163091
2018-10-05,1.2296973982457902,2.1722659831630615
2018-10-08,1.2246503422699364,2.159001939408627
2018-10-09,1.230279647283031,2.165996024168833
2018-10-10,1.2252948401954,2.0707364776470376
2018-10-11,1.224761665750827,2.045053493414021
2018-10-12,1.2279472784061076,2.10196684114677
2018-10-15,1.2281349144312406,2.0765248456594634
2018-10-16,1.2396704813343162,2.1369361054189517
2018-10-17,1.2380437607047723,2.1377796626563397
2018-10-18,1.2311150154900274,2.0882204333913
2018-10-19,1.2287232225521367,2.0862915571515828
2018-10-22,1.2302528376556194,2.0970235764101974
2018-10-23,1.2418510971424044,2.089305945648438
2018-10-24,1.2271392383916442,1.9936852058902905
2018-10-25,1.2473829516835255,2.062657460394118
2018-10-26,1.2446584076270324,2.009601865140804
2018-10-29,1.2365804450501734,1.9682430171481755
2018-10-30,1.2472437224560387,2.0006794839053046
2018-10-31,1.262021205797307,2.0477059156552917
2018-11-01,1.2719610987221723,2.07471598065558
2018-11-02,1.2699858388112069,2.04240010489871
2018-11-05,1.263164472707691,2.037336249161878
2018-11-06,1.264178202660041,2.052770351156548
2018-11-07,1.2746283064620667,2.1171607274149626
2018-11-08,1.268725900240407,2.1036553084052025
2018-11-09,1.2642043087741537,2.06820522617045
2018-11-12,1.2407855681259488,2.0056229418966858
2018-11-13,1.2499339782185959,2.007311022645502
2018-11-14,1.251327503257515,1.9919973183962827
2018-11-15,1.2568139008286692,2.026845411903781
2018-11-16,1.2331745896151127,2.0197311226529324
2018-11-19,1.2046482911372802,1.954135029646737
2018-11-20,1.2063564452937539,1.9191659586293635
2018-11-21,1.2014903805811326,1.9337565033866455
2018-11-23,1.191042799077691,1.9197694933950822
2018-11-26,1.2166532079699581,1.9641440826682228
2018-11-27,1.2149813239367186,1.9707752348988035
2018-11-28,1.232573253136565,2.0342006899003393
2018-11-29,1.2281934946798634,2.0275691511601424
2018-11-30,1.2407764245648631,2.0422802869176833
2018-12-03,1.2567876329828214,2.0779719376625696
2018-12-04,1.2324772407665576,1.9982672773905112
2018-12-06,1.2378689853499547,2.0123750716371416
2018-12-07,1.2169774186819209,1.9459350348839424
2018-12-10,1.2288364743306524,1.9663133678892255
2018-12-11,1.2264846381912688,1.9728250886483962
2018-12-12,1.2306353774086922,1.990188839902016
2018-12-13,1.2359194747258777,1.990791408393694
2018-12-14,1.222170541962352,1.942318271150217
2018-12-17,1.2039397966539132,1.898305841387469
2018-12-18,1.2091929640184418,1.9102437706486723
2018-12-19,1.1833340715338383,1.8633381231537522
2018-12-20,1.166083538024262,1.8363270918794232
2018-12-21,1.144368397209538,1.7794129711274418
2018-12-24,1.1232359491110393,1.735287294047143
2018-12-26,1.1788368163002012,1.843636181976844
2018-12-27,1.1710367688699408,1.8507719225113926
2018-12-28,1.1816628643120035,1.849804102432392
2018-12-31,1.1813227635437815,1.8654032440331854
2019-01-02,1.184426697980399,1.872901530587743
2019-01-03,1.1479760117954607,1.8117128067352393
2019-01-04,1.1879958780543922,1.8892261507381705
2019-01-07,1.2096742095682584,1.9117183048345299
2019-01-08,1.215213671062414,1.9290109383187664
2019-01-09,1.2242989027917783,1.9447306709198184
2019-01-10,1.23065262574198,1.9502940903356072
2019-01-11,1.2329147298047418,1.9431583498010587
2019-01-14,1.2271171411214148,1.9259874668459298
2019-01-15,1.2440367793782952,1.9635956255228146
2019-01-16,1.243862502602595,1.963231919973957
2019-01-17,1.251285228566261,1.978711436848532
2019-01-18,1.2421195888802485,1.998300903727122
2019-01-22,1.2170227161249005,1.9582743543815841
2019-01-23,1.21015092165947,1.9608141090697284
2019-01-24,1.2258072121013752,1.9735117229816008
2019-01-25,1.2412027105088703,1.9970917083927955
2019-01-28,1.2036945981994158,1.9724231186475334
2019-01-29,1.1860385910311577,1.9538006988287115
2019-01-30,1.2219868396361586,2.0035008108488612
2019-01-31,1.2563269974094091,2.0334906717353536
2019-02-01,1.2508260648254446,2.024904553865961
2019-02-04,1.2668373656759837,2.050057826669956
2019-02-05,1.2787363836438628,2.0681967229588936
2019-02-06,1.277103966179583,2.0620288025033453
2019-02-07,1.2546831076490301,2.034336741285247
2019-02-08,1.2539223102429689,2.0383274530726596
2019-02-11,1.2522904153623449,2.0363920061694665
2019-02-12,1.2637602511107338,2.0665028445658344
2019-02-13,1.263029583513334,2.0679541881747188
2019-02-14,1.2622628535350247,2.070493749608055
2019-02-15,1.2641138148266455,2.0791996854584744
2019-02-19,1.2642799104453126,2.0833121477749947
2019-02-20,1.265860830414633,2.082949988264602
2019-02-21,1.2520977357776286,2.075330144435745
2019-02-22,1.2636634551535801,2.090688877055253
2019-02-25,1.2691761873947693,2.098306981590837
2019-02-26,1.2666175046510366,2.1004834172397397
2019-02-27,1.270936284091933,2.099153437650346
2019-02-28,1.2690608057476993,2.094316269803424
2019-03-01,1.267221349647171,2.108827580089382
2019-03-04,1.2726767853868393,2.1091905126190076
2019-03-05,1.2735991048417237,2.110762253973343
2019-03-06,1.265979817725464,2.098790505120721
2019-03-07,1.2523798827915438,2.0730331177865833
2019-03-08,1.2579960657864322,2.069889441823104
2019-03-11,1.2884747852952056,2.112939076131862
2019-03-12,1.2895417427042604,2.1245475059452428
2019-03-13,1.3042822937088498,2.140509773330469
2019-03-14,1.297275933105572,2.13688218732749
2019-03-15,1.2952716676298581,2.1567145754998704
2019-03-18,1.2883966855864002,2.1618503220253182
2019-03-19,1.2994989131648143,2.1691196016322687
2019-03-20,1.3106103554715913,2.177720600121886
2019-03-21,1.3319703662926554,2.2117630143343856
2019-03-22,1.3078188095547933,2.163183200436833
2019-03-25,1.3018254886375675,2.159063974202029
2019-03-26,1.3099566739765296,2.1691196016322687
2019-03-27,1.3093641406855232,2.1551876692610157
2019-03-28,1.3121426696017893,2.160154511084178
2019-03-29,1.3190032291836373,2.1765092789846703
2019-04-01,1.3342543356562087,2.205341930080217
2019-04-02,1.3428836664393857,2.213700973550084
2019-04-03,1.3542035440210447,2.226421198274505
2019-04-04,1.3467644439082695,2.225573582686147
2019-04-05,1.3552195216713052,2.2370822930185446
2019-04-08,1.3576756892062074,2.242776932449038
2019-04-09,1.3551631580949277,2.2349016057638633
2019-04-10,1.3629636046450018,2.246894999154993
2019-04-11,1.357178176173464,2.241565031547398
2019-04-12,1.3573433698133917,2.2512561804095474
2019-04-15,1.350776227925074,2.2516200792132133
2019-04-16,1.3595256863658016,2.2593724958404318
2019-04-17,1.3606032111744724,2.2672478225256065
2019-04-18,1.3598668855687648,2.270155534368387
2019-04-22,1.3653834093058639,2.2765758456033227
2019-04-23,1.3778462104946319,2.3055296674635533
2019-04-24,1.372106333710685,2.298261740640259
2019-04-25,1.3736372533100822,2.307588990698743
2019-04-26,1.3577053513215402,2.309648700443549
2019-04-29,1.3665578208174496,2.3141308592079786
2019-04-30,1.3621545587842752,2.2962016443858366
2019-05-01,1.3646948402980086,2.2888121602882436
2019-05-02,1.3704100468253753,2.278877896877495
2019-05-03,1.3854733421921863,2.315221782599743
2019-05-06,1.3760217805525468,2.3010475086991233
2019-05-07,1.351666566129424,2.2562234087423256
2019-05-08,1.3512824271030666,2.2505293490762566
2019-05-09,1.3407972148202534,2.2384153646848675
2019-05-10,1.334666086341537,2.2412013259985404
2019-05-13,1.2928923897239097,2.163425928475816
2019-05-14,1.304194652420259,2.187170180473901
2019-05-15,1.3115061221563338,2.218062154804638
2019-05-16,1.312977343325268,2.2403535171553743
2019-05-17,1.2894091934457417,2.2174561077264143
2019-05-20,1.2705291885889491,2.180022651396058
2019-05-21,1.2798345464979923,2.2027983102959108
2019-05-22,1.2650131808612444,2.1929848311402296
2019-05-23,1.2490163456680397,2.159427873005695
2019-05-24,1.242890844798627,2.1583375293783544
2019-05-28,1.2428984079864542,2.150220827437854
2019-05-29,1.2353968434623228,2.1325331811258463
2019-05-30,1.2336315994859612,2.1414980784191293
2019-05-31,1.2129229645706703,2.1073350732063707
2019-06-03,1.1797649063256919,2.0609361398183075
2019-06-04,1.2194662915945138,2.118964954303451
2019-06-05,1.2238708361688757,2.1347140616353357
2019-06-06,1.24055288487985,2.1516741035948197
2019-06-07,1.2551325729121299,2.193227559179212
2019-06-10,1.2761332997448545,2.2187891793927372
2019-06-11,1.2896263844157927,2.2218178687453927
2019-06-12,1.270249766654957,2.2089764732562887
2019-06-13,1.2821463462586997,2.222060017019951
2019-06-14,1.281912625741505,2.212611209687168
2019-06-17,1.304660297430932,2.2259370949801967
2019-06-18,1.3189891001136376,2.2582829252323235
2019-06-19,1.3200726889120318,2.2667629462120655
2019-06-20,1.3186793445422897,2.28784260091597
2019-06-21,1.3187463048395593,2.284450592524073
2019-06-24,1.323715490920499,2.284523256331921
2019-06-25,1.3083392009025259,2.2453062513775444
2019-06-26,1.3216853029598714,2.255747808659574
2019-06-27,1.3336353019484248,2.2643679393751937
2019-06-28,1.3377857247774623,2.267282801645874
2019-07-01,1.3492784014801575,2.2978785163557824
2019-07-02,1.3453983550983213,2.3069850694234075
2019-07-03,1.3612770234176348,2.3243470813837552
2019-07-05,1.3551315697410669,2.319611758820705
2019-07-08,1.345056762879076,2.303342216290588
2019-07-09,1.3529452822258592,2.3148764362576553
2019-07-10,1.3741582220409714,2.3379454559562145
2019-07-11,1.37813441173029,2.33624597317372
2019-07-12,1.3931599860239836,2.3497222107074567
2019-07-15,1.4025474431210467,2.357250645012079
2019-07-16,1.3996096043961135,2.3451090251831306
2019-07-17,1.4010451731940168,2.333574418706447
2019-07-18,1.3995469133237268,2.33624597317372
2019-07-19,1.3957782705878703,2.319126109487931
2019-07-22,1.406998985676271,2.3375815571525487
2019-07-23,1.4196126810830236,2.3528790279978864
2019-07-24,1.4319035604170125,2.369391878331411
2019-07-25,1.3785073501474767,2.346929871985116
2019-07-26,1.3768310079526525,2.3710915543687126
2019-07-29,1.3788239888167224,2.362956493221443
2019-07-30,1.3860821283338027,2.352758630252436
2019-07-31,1.3731522262932505,2.3202187721729697
2019-08-01,1.3537027694687684,2.308684358951094
2019-08-02,1.3387684332683716,2.274688712402156
2019-08-05,1.2968267427149618,2.194313264691158
2019-08-06,1.3094057687925074,2.225030536675366
2019-08-07,1.3170264340870288,2.237050599230015
2019-08-08,1.3406722119331644,2.285736703272026
2019-08-09,1.3255070857796705,2.2642471551201266
2019-08-12,1.3101875534334964,2.23826501244416
2019-08-13,1.335893893066709,2.2873157883090696
2019-08-14,1.2913070900303922,2.2189600166431043
2019-08-15,1.289222171322642,2.2164102127049383
2019-08-16,1.314687283946387,2.251983978016879
2019-08-19,1.3450627372343664,2.287801244387035
2019-08-20,1.3359512832603926,2.2700751403682142
2019-08-21,1.3384063954227017,2.290230070815326
2019-08-22,1.3366126783556935,2.282823773549427
2019-08-23,1.296086818908547,2.2105818409472344
2019-08-26,1.3115437104799939,2.2439714404179485
2019-08-27,1.3044691302179379,2.2392355380904743
2019-08-28,1.3072236135574684,2.2472490419634457
2019-08-29,1.330587841295717,2.2816089738256653
2019-08-30,1.334492293324747,2.2761460469100925
2019-09-03,1.3241703330892982,2.2540483258770796
2019-09-04,1.3351432912310697,2.2865870244276976
2019-09-05,1.3704246740462698,2.3284748108301154
2019-09-06,1.3618980641698806,2.32616792818574
2019-09-09,1.3710395857338864,2.321311821367624
2019-09-10,1.3764211360493568,2.3146342879830972
2019-09-11,1.3981428374024678,2.3363671439384035
2019-09-12,1.3968370744987473,2.346079744084253
2019-09-13,1.3891285181611388,2.3377027279172315
2019-09-16,1.3812967510384175,2.3272609773803943
2019-09-17,1.3886193492287586,2.338431491798604
2019-09-18,1.3868955903898317,2.337459613368633
2019-09-19,1.3874709140385035,2.3413451945404353
2019-09-20,1.3705309332666222,2.3165768853141904
2019-09-23,1.3702985653244744,2.3175982369750368
2019-09-24,1.3370623791872318,2.286818157178194
2019-09-25,1.3571243238793071,2.3124887731034915
2019-09-26,1.364024858571912,2.3039729999842495
2019-09-27,1.3502616567678722,2.2753832701824934
2019-09-30,1.357864122673118,2.297037278176092
2019-10-01,1.3594216377122463,2.278302384058952
2019-10-02,1.3491072441243932,2.2391290546912073
2019-10-03,1.357976740223061,2.2637039158545376
2019-10-04,1.364198590812284,2.297037278176092
2019-10-07,1.3725767709050225,2.290103682170823
2019-10-08,1.3587671637734613,2.2557957358519847
2019-10-09,1.3740728282734014,2.2778159617069464
2019-10-10,1.3797579213784372,2.2954566471005835
2019-10-11,1.393198362574879,2.3250198013707757
2019-10-14,1.4027282690389424,2.324776686822177
2019-10-15,1.426652573439692,2.3543390680731364
2019-10-16,1.4272687012905108,2.348499874046179
2019-10-17,1.4315646271470581,2.354704512915267
2019-10-18,1.4130403522829944,2.3320757276695754
2019-10-21,1.4241036712062458,2.3527584369976284
2019-10-22,1.4150060092673151,2.334022576606447
2019-10-23,1.4177292901797909,2.3385236743420714
2019-10-24,1.4692756249848538,2.3612740168620623
2019-10-25,1.5100115259298859,2.3801310480179256
2019-10-28,1.5158044834235596,2.403611120693329
2019-10-29,1.4971176600541702,2.3849975905956797
2019-10-30,1.4960669366326487,2.39655500113972
2019-10-31,1.4971494638991245,2.397649596372839
2019-11-01,1.50124139054541,2.4194269009340093
2019-11-04,1.5189237495749799,2.434390427470939
2019-11-05,1.5167049491519555,2.435728717017081
2019-11-06,1.5199374320048165,2.4302541948130214
2019-11-07,1.5283283893823816,2.4384052961093654
2019-11-08,1.5295660967201652,2.44813876777449
2019-11-11,1.5358020066916418,2.4448534360366687
2019-11-12,1.5493399897505902,2.451909362335469
2019-11-13,1.5402889421348869,2.4525179217261983
2019-11-14,1.5454457799789267,2.450571459298943
2019-11-15,1.5418668630842105,2.4685768165154784
2019-11-18,1.5545893727498012,2.470523472197542
2019-11-19,1.561085720238352,2.4741730892486458
2019-11-20,1.5549839333455453,2.459331313240824
2019-11-21,1.5559837192927728,2.4538560180175324
2019-11-22,1.53604406328507,2.4554378086218893
2019-11-25,1.5571946992770305,2.4845145405400753
2019-11-26,1.544485383103889,2.489258946079106
2019-11-27,1.5543847325171125,2.5066563236693367
2019-11-29,1.5490120267965577,2.495219890635171
2019-12-02,1.5399367663238137,2.4696719915130214
2019-12-03,1.5371155324752106,2.450328151495536
2019-12-04,1.5353126731760254,2.4627368494692883
2019-12-05,1.5307264000475587,2.467603778556659
2019-12-06,1.5442331131218219,2.4940037381277533
2019-12-09,1.54824492804797,2.482689442132312
2019-12-10,1.559105308846258,2.480620649411525
2019-12-11,1.5702707574221018,2.49376004381473
2019-12-12,1.581058614622925,2.5123733806575705
2019-12-13,1.576402393212459,2.520646618992638
2019-12-16,1.6076460890955317,2.545951596820997
2019-12-17,1.6116585765121072,2.5474118301510544
2019-12-18,1.6327261689437687,2.549358099323502
2019-12-19,1.6459581279552926,2.565295436838483
2019-12-20,1.6511617592548147,2.575636694875105
2019-12-23,1.65078863806274,2.5824400371397087
2019-12-24,1.648902863190198,2.5837816120175887
2019-12-26,1.6594653663586532,2.606580268239606
2019-12-27,1.6567369307033029,2.6043854733839336
2019-12-30,1.64407423146476,2.587317015477101
2019-12-31,1.6492841461715115,2.5921941870693015
2020-01-02,1.6652877954512841,2.635476113657404
2020-01-03,1.6567577928607524,2.6113354960478907
2020-01-06,1.665223893250788,2.6281606461513154
2020-01-07,1.6700636908502453,2.627795201309185
2020-01-08,1.6721168977592842,2.647546615716969
2020-01-09,1.680272137924629,2.669979247332432
2020-01-10,1.6805993614529307,2.66315213472643
2020-01-13,1.6918071711546236,2.693876943648154
2020-01-14,1.6835521491800116,2.6832699602503847
2020-01-15,1.680592312503212,2.684367261050817
2020-01-16,1.6865176776813402,2.7100927613416173
2020-01-17,1.6859190429346522,2.723504451769446
2020-01-21,1.6863040280620651,2.722284434165865
2020-01-22,1.6889196685217465,2.729478537652463
2020-01-23,1.6924691919491157,2.7382569440559212
2020-01-24,1.6873189039017154,2.715213627246841
2020-01-27,1.6704492419845525,2.659129149386063
2020-01-28,1.6831787773103846,2.6999737463343187
2020-01-29,1.6802225458172766,2.704362369771624
2020-01-30,1.6816303184947725,2.7139943826624924
2020-01-31,1.6800006209190583,2.6709551841133727
2020-02-03,1.6849990211080077,2.711312199180773
2020-02-04,1.6980735807085352,2.773370376414951
2020-02-05,1.7030696555090705,2.7825146141701578
2020-02-06,1.7078729660637086,2.806533287995755
2020-02-07,1.7042120275879362,2.794463172445807
2020-02-10,1.7198745049311759,2.8282352231817645
2020-02-11,1.7266460149092433,2.8287228050626188
2020-02-12,1.7330458933527788,2.8562776553669615
2020-02-13,1.7306235772291314,2.8526197283591093
2020-02-14,1.756787460413765,2.8607889956074146
2020-02-18,1.756787460413765,2.8618862964078473
2020-02-19,1.756787460413765,2.8893184299090415
2020-02-20,1.756787460413765,2.862495049053385
2020-02-21,1.756787460413765,2.807508258502656
2020-02-24,1.756787460413765,2.6992416971212085
2020-02-25,1.756787460413765,2.625844487276152
2020-02-26,1.756787460413765,2.6393773484686633
2020-02-27,1.756787460413765,2.507213863790726
2020-02-28,1.7553631407814252,2.509164771078568
2020-03-02,1.7651470827605542,2.6386458790199776
2020-03-03,1.7653915830435698,2.5540313870931493
2020-03-04,1.765907750307714,2.660592281538243
2020-03-05,1.7626787772694545,2.5797572738935646
2020-03-06,1.759954334969608,2.536231073228015
2020-03-09,1.7476024886102492,2.360053226239249
2020-03-10,1.7721122932686253,2.4885603299477994
2020-03-11,1.755162201851999,2.3801704719987793
2020-03-12,1.7090339531984857,2.161929556496642
2020-03-13,1.7758429350533125,2.3450568463849417
2020-03-16,1.630567227144176,2.0641478414742402
2020-03-17,1.6604915554060908,2.2206958313295226
2020-03-18,1.5976076736575495,2.1531509568383744
2020-03-19,1.6577555909713795,2.166074099111308
2020-03-20,1.6350888876722771,2.0812166858906886
2020-03-23,1.6421031584096175,2.08271943527853
2020-03-24,1.763867296325126,2.2440004286391644
2020-03-25,1.7684308368775798,2.2273832207092625
2020-03-26,1.8054694251389274,2.344678066961052
2020-03-27,1.7642967693159828,2.2640374736533304
2020-03-30,1.796322734279943,2.346388565267608
2020-03-31,1.8089666694736213,2.32635074723421
2020-04-01,1.7355468309921385,2.227505357747986
2020-04-02,1.7341862229940856,2.2727124887344528
2020-04-03,1.7293740852286448,2.2404567152229036
2020-04-06,1.8225103847141844,2.4006378954705996
2020-04-07,1.8344175716369355,2.399660412651194
2020-04-08,1.8592716152340274,2.450609723750948
2020-04-09,1.8734808714117306,2.4541536304220175
2020-04-13,1.9374289161606997,2.480667417075086
2020-04-14,2.0169735885973408,2.5885536529941793
2020-04-15,2.021525655688521,2.558863530315061
2020-04-16,2.0454767767000774,2.605537078785444
2020-04-17,2.0536814270660155,2.630462504170681
2020-04-20,2.0349784784271705,2.5993059640076446
2020-04-21,1.9590894922499948,2.5033932162344477
2020-04-22,2.0278575111790635,2.5776799779612216
2020-04-23,2.012773389972482,2.572181685415764
2020-04-24,2.0426962631867225,2.6127464494018815
2020-04-27,2.090086721421943,2.6337613637450694
2020-04-28,2.050956596966209,2.5841553668164683
2020-04-29,2.115358084069349,2.6757917721958706
2020-04-30,2.116514401411031,2.6746923455925486
2020-05-01,2.0463186016362274,2.5993059640076446
2020-05-04,2.0993115070211354,2.629607544899614
2020-05-05,2.1156456928901104,2.6594198046174564
2020-05-06,2.131810834125603,2.6757917721958706
2020-05-07,2.144970201503984,2.7102481382073353
2020-05-08,2.1842836054773986,2.7473911325611056
2020-05-11,2.195365094939758,2.771949760320556
2020-05-12,2.1814927059287528,2.713913602152704
2020-05-13,2.156339605722092,2.679946364060558
2020-05-14,2.1689230410508173,2.7103700819912513
2020-05-15,2.173437866976207,2.7279638064665184
2020-05-18,2.1929063029097056,2.778791367037165
2020-05-19,2.1896757131417544,2.7718270435174075
2020-05-20,2.219443817176109,2.8271758003237215
2020-05-21,2.2234631292786715,2.796386057786473
2020-05-22,2.2193047150855336,2.806038169177385
2020-05-26,2.2190197960854863,2.7984631604640087
2020-05-27,2.22082863220698,2.8137366677131412
2020-05-28,2.2114485359434,2.810071010512965
2020-05-29,2.2327159717320098,2.8512460731830833
2020-06-01,2.2744837951305796,2.859798757970674
2020-06-02,2.267707460626793,2.878981809987814
2020-06-03,2.2696602056838513,2.891932394443499
2020-06-04,2.2509307666834673,2.8716503023326534
2020-06-05,2.2771229750412703,2.928588000171224
2020-06-08,2.3187966615034177,2.9513136060757756
2020-06-09,2.3194016960806456,2.972694738280328
2020-06-10,2.321291656818588,3.0083726679338385
2020-06-11,2.311886739667584,2.8593100165609706
2020-06-12,2.313537074990357,2.8820356224655237
2020-06-15,2.3147082055912027,2.917102093906183
2020-06-16,2.3185615547125864,2.967197025499296
2020-06-17,2.3194705820476003,2.97660486281276
2020-06-18,2.3167120079974257,2.9846686129358386
2020-06-19,2.315292283895351,2.984180837800176
2020-06-22,2.3191890440862717,3.019968342929884
2020-06-23,2.3211838092438177,3.04567181217256
2020-06-24,2.316499332948846,2.9828825519993125
2020-06-25,2.317757308742971,3.011278833738154
2020-06-26,2.305992148109745,2.940166861998964
2020-06-29,2.311178376139924,2.972234598582224
2020-06-30,2.3143053102905005,3.0304951255822887
2020-07-01,2.3178921066843308,3.0658667463649496
2020-07-02,2.3220749004067125,3.0866733320249984
2020-07-06,2.3265257453800245,3.1625585042696267
2020-07-07,2.3250686043019235,3.140772116732475
2020-07-08,2.3271173393552664,3.1821410139751243
2020-07-09,2.329372709255267,3.20894622887882
2020-07-10,2.3324203369378638,3.2308545601998873
2020-07-13,2.3324203369378638,3.1643946182014524
2020-07-14,2.3324203369378638,3.1867920774418397
2020-07-15,2.3324203369378638,3.1932792548403808
2020-07-16,2.3324203369378638,3.1714938335772693
2020-07-17,2.3324203369378638,3.1751652884216885
2020-07-20,2.3324203369378638,3.2652471521246773
2020-07-21,2.3324203369378638,3.231221744335291
2020-07-22,2.3324203369378638,3.2426034862587616
2020-07-23,2.3324203369378638,3.1579074408029117
2020-07-24,2.3324203369378638,3.1279204787385404
2020-07-27,2.3324203369378638,3.1837342066131606
2020-07-28,2.3324203369378638,3.143220075386768
2020-07-29,2.3324203369378638,3.1794485879885763
2020-07-30,2.3324203369378638,3.1960949773945018
2020-07-31,2.3324203369378638,3.2531308486755908
2020-08-03,2.3324203369378638,3.297070034866066
2020-08-04,2.3324203369378638,3.3093100213923408
2020-08-05,2.3324203369378638,3.317510209409944
2020-08-06,2.3324203369378638,3.3614501686196516
2020-08-07,2.3324203369378638,3.322650400795978
2020-08-10,2.3324203369378638,3.3084527430635777
2020-08-11,2.3324203369378638,3.2457863929482866
2020-08-12,2.3324203369378638,3.3274249540850733
2020-08-13,2.3324203369378638,3.335013683889825
2020-08-14,2.3324203369378638,3.3310960224198767
2020-08-17,2.3324203369378638,3.369772493675978
2020-08-18,2.3324203369378638,3.402207994159067
2020-08-19,2.3324203369378638,3.379320054215704
2020-08-20,2.3324203369378638,3.4261963269797917
2020-08-21,2.3324203369378638,3.4499403857230693
2020-08-24,2.3324203369378638,3.4714832722020064
2020-08-25,2.3324203369378638,3.4987770352605954
2020-08-26,2.3324203369378638,3.573438711315098
2020-08-27,2.3324203369378638,3.5622998906854177
2020-08-28,2.3324203369378638,3.580414436868534
2020-08-31,2.3324203369378638,3.6091761634495056
2020-09-01,2.3324203369378638,3.670863484706925
2020-09-02,2.3324203369378638,3.7056234540219273
2020-09-03,2.3324203369378638,3.517748086753243
2020-09-04,2.3324203369378638,3.4708706544603065
2020-09-08,2.332420336937864,3.3040465334387346
2020-09-09,2.3578981793047977,3.4011060552432397
2020-09-10,2.3614722863997364,3.3332991272322983
2020-09-11,2.36244703994073,3.3101657536826394
2020-09-14,2.3955746112603684,3.3678148224698523
2020-09-15,2.4168638248325527,3.4155479870530874
2020-09-16,2.411213057642841,3.361082984484248
2020-09-17,2.398265760721065,3.3085748801023014
2020-09-18,2.411488542364758,3.2663494775501203
2020-09-21,2.4202589412059785,3.274183254451552
2020-09-22,2.404439725211422,3.335013683889825
2020-09-23,2.3681594921705895,3.2331796087962243
2020-09-24,2.374649043837992,3.248234158347772
2020-09-25,2.393039991283386,3.323752726221421
2020-09-28,2.405854420055435,3.3927841166965296
2020-09-29,2.403368081713038,3.3774837470290695
2020-09-30,2.412330256146145,3.400616347559496
2020-10-01,2.426962756612067,3.4545924154638246
2020-10-02,2.3993492881662775,3.3574107566205957
2020-10-05,2.4107568090918154,3.429011663024297
2020-10-06,2.3987232346336826,3.3678148224698523
2020-10-07,2.4088858865438914,3.4260749629603002
2020-10-08,2.4091996583589155,3.44431164618214
2020-10-09,2.4171640583824954,3.4969407280739615
2020-10-12,2.4314118237315174,3.604893636901851
2020-10-13,2.430760215680672,3.604771113353511
2020-10-14,2.441209726213122,3.5746616277408
2020-10-15,2.4318952277559025,3.5506721353912263
2020-10-16,2.423482537549078,3.5312117627244524
2020-10-19,2.413807653475434,3.473562693937239
2020-10-20,2.409254945902709,3.4810296732128836
2020-10-21,2.4090271166470654,3.4783372472263343
2020-10-22,2.4099881055084027,3.478214723677994
2020-10-23,2.405542106827872,3.485068698702323
2020-10-26,2.4053061730819842,3.4328056414170565
2020-10-27,2.410163342517937,3.459610469811135
2020-10-28,2.3908887786965005,3.3247313685696755
2020-10-29,2.398935908040828,3.3828689855117835
2020-10-30,2.3755478982619382,3.297070034866066
2020-11-02,2.3842544199850138,3.304413717574138
2020-11-03,2.402660522676773,3.361571919148759
2020-11-04,2.4056877499869573,3.511628866509338
2020-11-05,2.4223777922447507,3.603180239773173
2020-11-06,2.4164755487324747,3.6058718927404896
2020-11-09,2.407658115081491,3.532191178091939
2020-11-10,2.399563293899152,3.468912596744565
2020-11-11,2.408324601685783,3.546510586353447
2020-11-12,2.4042149792067455,3.529865549731178
2020-11-13,2.4019688393333825,3.5608315406534197
2020-11-16,2.4028549520685414,3.588615397905369
2020-11-17,2.4255028704556088,3.5772303706501605
2020-11-18,2.455772074578009,3.5507934994107178
2020-11-19,2.465382842186537,3.5785777431722834
2020-11-20,2.463913171883248,3.554099702667815
2020-11-23,2.4599677642163966,3.5542229992353875
2020-11-24,2.461460007959611,3.6041588821214274
2020-11-25,2.4624322459284347,3.626312067284367
2020-11-27,2.4630653053130853,3.6597258236060934
2020-11-30,2.465846338909191,3.6671908703336573
2020-12-01,2.46999527147994,3.7141915991941663
2020-12-02,2.470402241397464,3.7189646064447968
2020-12-03,2.470243996523869,3.7242288674176356
2020-12-04,2.469463930163754,3.739404394479058
2020-12-07,2.471159698810866,3.760579710312975
2020-12-08,2.471871911700753,3.773308244994145
2020-12-09,2.4689325888475686,3.687876478483831
2020-12-10,2.4705831307245587,3.7026871404675465
2020-12-11,2.469644810614152,3.6944869524499437
2020-12-14,2.4689325888475686,3.721289848295942
2020-12-15,2.4758286637860962,3.7610690314871027
2020-12-16,2.475749501404163,3.7817538666180437
2020-12-17,2.4767556572314042,3.8064773407288084
2020-12-18,2.4744494470230514,3.794972108982957
2020-12-21,2.476224307038522,3.787873473371565
2020-12-22,2.480350657292649,3.7981720220955952
2020-12-23,2.479310539223506,3.7790444342083815
2020-12-24,2.4804523487310233,3.795720391599948
2020-12-28,2.485788361962895,3.8339759538839915
2020-12-29,2.485788361962895,3.8374093188048235
2020-12-30,2.485788361962895,3.8375322288627793
2020-12-31,2.485788361962895,3.8469738857676625
2021-01-04,2.485788361962895,3.7926553703433683
2021-01-05,2.485788361962895,3.8239209062181763
2021-01-06,2.485788361962895,3.770951695864086
2021-01-07,2.485788361962895,3.862178401050301
2021-01-08,2.485788361962895,3.911838702579981
2021-01-11,2.485788361962895,3.85531244422787
2021-01-12,2.485788361962895,3.849180082657014
2021-01-13,2.485788361962895,3.8751759464243563
2021-01-14,2.485788361962895,3.854453619860642
2021-01-15,2.485788361962895,3.8239209062181763
2021-01-19,2.485788361962895,3.8797108637513986
2021-01-20,2.485788361962895,3.969958926589359
2021-01-21,2.485788361962895,4.001715329676759
2021-01-22,2.485788361962895,3.990190772450097
2021-01-25,2.485788361962895,4.023174343568978
2021-01-26,2.485788361962895,4.029059338985457
2021-01-27,2.485788361962895,3.916742736590508
2021-01-28,2.485788361962895,3.939918239688334
2021-01-29,2.485788361962895,3.857028933433478
2021-02-01,2.485788361962895,3.9534054927461324
2021-02-02,2.485788361962895,4.017901965894199
2021-02-03,2.485788361962895,4.001960376773439
2021-02-04,2.485788361962895,4.049291957865427
2021-02-05,2.485788361962895,4.063024258019905
2021-02-08,2.485788361962895,4.090244197741798
2021-02-09,2.485788361962895,4.08938537337457
2021-02-10,2.485788361962895,4.080068172566108
2021-02-11,2.485788361962895,4.102506601825813
2021-02-12,2.485788361962895,4.125436284807727
2021-02-16,2.485788361962895,4.1142781386972365
2021-02-17,2.485788361962895,4.094536773539474
2021-02-18,2.485788361962895,4.07663442113566
2021-02-19,2.485788361962895,4.058855365299418
2021-02-22,2.485788361962895,3.9536509263524287
2021-02-23,2.485788361962895,3.9418793894810054
2021-02-24,2.4934679655597,3.974371706877678
2021-02-25,2.4828324732320803,3.8358153531475554
2021-02-26,2.481637319499512,3.851878306287806
2021-03-01,2.48927246305181,3.9677504106423105
2021-03-02,2.4835830102368353,3.9041135348807052
2021-03-03,2.477671240916579,3.790815584570188
2021-03-04,2.4720226903655855,3.7287715149370024
2021-03-05,2.4678449686189485,3.7849290431152443
2021-03-08,2.4544168417150822,3.677762294846735
2021-03-09,2.5067613406139935,3.8228174212638844
2021-03-10,2.504089818947638,3.811905095269306
2021-03-11,2.521769798219374,3.8996980490250728
2021-03-12,2.5180584910708923,3.868064555995629
2021-03-15,2.527068124845662,3.9093862990651003
2021-03-16,2.516193488108074,3.930844539938087
2021-03-17,2.5263012864943777,3.9470284705882124
2021-03-18,2.50105742234887,3.826129035655608
2021-03-19,2.503019519722236,3.8396170617326395
2021-03-22,2.5124382332599,3.9116218706852846
2021-03-23,2.508202973381968,3.894556311600574
2021-03-24,2.491421004281426,3.828874413459579
2021-03-25,2.494168225931144,3.8222453870318867
2021-03-26,2.4890576828323123,3.8795794504818857
2021-03-29,2.4873610502544636,3.878474419489129
2021-03-30,2.4958988371234323,3.8589537513222254
2021-03-31,2.5133584142323215,3.9180062365259123
2021-04-01,2.51589204180363,3.9847935521692803
2021-04-05,2.5290104654878505,4.064349986003521
2021-04-06,2.5278952156003514,4.061525373728227
2021-04-07,2.5229474382712835,4.071347742605081
2021-04-08,2.5297140975402255,4.113826695465498
2021-04-09,2.5279880645334405,4.138749608538229
2021-04-12,2.546144591016152,4.133347750142018
2021-04-13,2.5743100237304617,4.181597678082132
2021-04-14,2.5627491334374954,4.131383894782033
2021-04-15,2.5652926182958655,4.193995747041438
2021-04-16,2.5656499306338527,4.1989082842635215
2021-04-19,2.5559870554806055,4.160480338690647
2021-04-20,2.557662198896217,4.130155180712088
2021-04-21,2.5673173882111247,4.165514239932222
2021-04-22,2.5579311504748983,4.115300070122506
2021-04-23,2.5616618247468566,4.167110138137571
2021-04-26,2.5650428725191667,4.194242340176583
2021-04-27,2.5521872086635944,4.176072136608732
2021-04-28,2.548214474453277,4.1619529403284234
2021-04-29,2.5415292372920484,4.176931733995192
2021-04-30,2.553992993743242,4.149554098349883
2021-05-03,2.5445644926900157,4.127454638023599
2021-05-04,2.5402229261780676,4.053178698566079
2021-05-05,2.539200920731716,4.039549209969513
2021-05-06,2.536357758529038,4.0699980510252605
2021-05-07,2.539750343852723,4.103023751692308
2021-05-10,2.523102519018478,3.999404388681414
2021-05-11,2.5185534876345628,3.9938792337176303
2021-05-12,2.508060717817984,3.8905049178034155
2021-05-13,2.501068099886378,3.9205854151949104
2021-05-14,2.5080030828243047,4.0071396056307105
2021-05-17,2.5030429382340276,3.98283124284776
2021-05-18,2.503442513889015,3.955942541866963
2021-05-19,2.497906054537409,3.9604859624055617
2021-05-20,2.506865824978326,4.037094873906552
2021-05-21,2.504598977536977,4.014750366483587
2021-05-24,2.5144193859945823,4.082274369455459
2021-05-25,2.513747024635609,4.087922434477199
2021-05-26,2.5192950039508584,4.102163381286615
2021-05-27,2.5237979554802,4.086817016974826
2021-05-28,2.5216348404748343,4.099707885694806
2021-06-01,2.521127680670828,4.086080329646322
2021-06-02,2.513912226190576,4.094060593692299
2021-06-03,2.5015099388583657,4.051459503793157
2021-06-04,2.5115800755049396,4.120211061306126
2021-06-07,2.513916077903611,4.132487766245942
2021-06-08,2.513324391465604,4.1344520081155425
2021-06-09,2.5114763430689555,4.135434515559959
2021-06-10,2.515833281257582,4.178527245690925
2021-06-11,2.515744902910546,4.189453486031687
2021-06-14,2.5187417467045474,4.229599466848636
2021-06-15,2.511699179617602,4.201977170616263
2021-06-16,2.5138161795929315,4.18663119281409
2021-06-17,2.5183229652475774,4.239790565899358
2021-06-18,2.520901009996878,4.206519045116398
2021-06-21,2.519948159507849,4.232662942066749
2021-06-22,2.5210546915882013,4.27211861670914
2021-06-23,2.5336798330567887,4.27420847420401
2021-06-24,2.5426127118573834,4.300634909683815
2021-06-25,2.539558233069703,4.295349004172468
2021-06-28,2.5460321712336595,4.347586938332681
2021-06-29,2.5429738583206745,4.3633201987703005
2021-06-30,2.542566596827348,4.3564368490151395
2021-07-01,2.5418826979170004,4.358158362845758
2021-07-02,2.542259233644701,4.408183529453144
2021-07-06,2.5348362967047504,4.427235747965196
2021-07-07,2.529100040731785,4.43657729887948
2021-07-08,2.5322351944404318,4.40978174671619
2021-07-09,2.533825828809773,4.4373143727176005
2021-07-12,2.5448718558726626,4.454645850418266
2021-07-13,2.538278813596044,4.454645850418266
2021-07-14,2.5324541968637737,4.4626353906950325
2021-07-15,2.5313860939751174,4.431292166387365
2021-07-16,2.5289348391768183,4.395401269935321
2021-07-19,2.529703247133436,4.359387076915704
2021-07-20,2.535189774917433,4.4100275668321025
2021-07-21,2.53318802734173,4.444075585434037
2021-07-22,2.530871248332772,4.473451475795174
2021-07-23,2.5286121043174927,4.52568902344577
2021-07-26,2.53408324283708,4.529253801636115
2021-07-27,2.529149989887125,4.4793503855578365
2021-07-28,2.5299952562271355,4.496558953200546
2021-07-29,2.5416637130813893,4.504548493477312
2021-07-30,2.5454481706339913,4.481071899388454
2021-08-02,2.554081372090278,4.481441402581556
2021-08-03,2.5541082637306003,4.508604525389865
2021-08-04,2.5545616226662315,4.515118758461541
2021-08-05,2.5559870554806055,4.543758734513405
2021-08-06,2.5500202771206553,4.52384614559566
2021-08-09,2.5556527830699056,4.532204416046294
2021-08-10,2.554204310328245,4.508974028582966
2021-08-11,2.5533705815396086,4.501230308422112
2021-08-12,2.558914726729554,4.517454436072324
2021-08-13,2.5569629458969216,4.533310993077516
2021-08-16,2.545052429104308,4.535277554004814
2021-08-17,2.537191504905405,4.495329466111368
2021-08-18,2.546135903669643,4.452063966181955
2021-08-19,2.5401729770227277,4.473573999343514
2021-08-20,2.5427817475376546,4.519913796760296
2021-08-23,2.552786580939941,4.587515874674644
2021-08-24,2.553627995566916,4.601527234772028
2021-08-25,2.5546692068152503,4.606814299812224
2021-08-26,2.5508117425922907,4.577560159980195
2021-08-27,2.5549458442322712,4.622053600960322
2021-08-30,2.56224199122122,4.6739247374947475
2021-08-31,2.5640900396178687,4.670112979659642
2021-09-01,2.5634637757012,4.677857086330112
2021-09-02,2.5628106201442096,4.675645091796517
2021-09-03,2.563263979079841,4.690025955087003
2021-09-07,2.570698435983435,4.696662325197402
2021-09-08,2.571063434159761,4.680316060508467
2021-09-09,2.5714438040127656,4.664214069896979
2021-09-10,2.564301356202871,4.628814813676759
2021-09-13,2.566887086790511,4.625618765660283
2021-09-14,2.5674595498388046,4.612466616439742
2021-09-15,2.571816488027431,4.646760841667206
2021-09-16,2.572262178712454,4.649957276193298
2021-09-17,2.5732226974520915,4.5948904781520135
2021-09-20,2.56195766796586,4.499945550457816
2021-09-21,2.565496249042529,4.50548191420047
2021-09-22,2.5703219178434655,4.5475654677235
2021-09-23,2.5709750734004557,4.5895253381693415
2021-09-24,2.578947433461413,4.593832214822818
2021-09-27,2.585467486655405,4.557162114984485
2021-09-28,2.5801653838160887,4.4282058871018934
2021-09-29,2.5816061707194105,4.420946463490156
2021-09-30,2.5793662325061137,4.40470339686875
2021-10-01,2.5792663341954345,4.432021123523545
2021-10-04,2.5816906973534115,4.338994829564236
2021-10-05,2.5813295157146587,4.397566883314969
2021-10-06,2.5821594103779906,4.425746139904306
2021-10-07,2.586331958797398,4.4663512941453165
2021-10-08,2.5832121415899683,4.444080610059047
2021-10-11,2.585690323204051,4.409995486533957
2021-10-12,2.5909847226172973,4.394613949847092
2021-10-13,2.593044070011217,4.429806036913021
2021-10-14,2.5958257806826426,4.5113881676458405
2021-10-15,2.6053196025678877,4.539812857841473
2021-10-18,2.615724011625161,4.585463895122162
2021-10-19,2.6134802041110987,4.620164728465882
2021-10-20,2.6140680564238017,4.61413517845294
2021-10-21,2.624902766901689,4.642313662023043
2021-10-22,2.624902766901689,4.603307498064312
2021-10-25,2.624902766901689,4.650434229059706
2021-10-26,2.624902766901689,4.665078305398834
2021-10-27,2.624902766901689,4.675907145316311
2021-10-28,2.624902766901689,4.727833166216238
2021-10-29,2.624902766901689,4.751090222843086
2021-11-01,2.624902766901689,4.76733251644526
2021-11-02,2.624902766901689,4.787267136411129
2021-11-03,2.624902766901689,4.838087353299067
2021-11-04,2.624902766901689,4.900105140278351
2021-11-05,2.624902766901689,4.9047799740864635
2021-11-08,2.624902766901689,4.898135873783739
2021-11-09,2.624902766901689,4.864419480432516
2021-11-10,2.624902766901689,4.792926410211739
2021-11-11,2.624902766901689,4.8062165433652675
2021-11-12,2.624902766901689,4.8567897806084455
2021-11-15,2.624902766901689,4.855682817067607
2021-11-16,2.624902766901689,4.890259580824524
2021-11-17,2.624902766901689,4.892844170628148
2021-11-18,2.624902766901689,4.9435407044389
2021-11-19,2.624902766901689,4.971103478190375
2021-11-22,2.624902766901689,4.913393340883799
2021-11-23,2.624902766901689,4.890997427681877
2021-11-24,2.624902766901689,4.906748854071458
2021-11-26,2.624902766901689,4.8137233331313825
2021-11-29,2.624902766901689,4.918192244278716
2021-11-30,2.624902766901689,4.845962100219817
2021-12-01,2.624902766901689,4.763518053042841
2021-12-02,2.624902766901689,4.79784938319346
2021-12-03,2.624902766901689,4.714421282533602
2021-12-06,2.624902766901689,4.7521975728935395
2021-12-07,2.624902766901689,4.895304304335354
2021-12-08,2.624902766901689,4.917208190795834
2021-12-09,2.624902766901689,4.844854363659747
2021-12-10,2.624902766901689,4.8975205504747255
2021-12-13,2.624902766901689,4.826765713620918
2021-12-14,2.623829893255222,4.776808572705986
2021-12-15,2.626203795138111,4.885706884055136
2021-12-16,2.6195397539200527,4.760072706323906
2021-12-17,2.6203070620513835,4.73632439597485
2021-12-20,2.6158756906733096,4.6903803844050715
2021-12-21,2.6211164699887957,4.795352531072716
2021-12-22,2.630669134818079,4.853754907101931
2021-12-23,2.6385635820343607,4.890345772468939
2021-12-27,2.6422222242783127,4.971169957844363
2021-12-28,2.6414793603935136,4.948129733112212
2021-12-29,2.6411697166927914,4.947391113235626
2021-12-30,2.639017180712876,4.932606733905812
2021-12-31,2.6371756436843805,4.901803850041613
2022-01-03,2.6565960256129686,4.948992036065985
2022-01-04,2.649779873045945,4.884800519005113
2022-01-05,2.6414318271511483,4.7347354549425935
2022-01-06,2.638251227832243,4.731407993656604
2022-01-07,2.6331258810624325,4.680154112979273
2022-01-10,2.637357620282669,4.683233821601268
2022-01-11,2.63821048327686,4.753585142415749
2022-01-12,2.6438899286461996,4.772435602908137
2022-01-13,2.633750589466668,4.653048193594164
2022-01-14,2.638020509937262,4.682002015454395
2022-01-18,2.630278001601555,4.5654477216272715
2022-01-19,2.62140113749498,4.515303123548475
2022-01-20,2.616941308649336,4.4566564734418135
2022-01-21,2.6059837856893173,4.333078526868844
2022-01-24,2.608203653628909,4.352914973392195
2022-01-25,2.5935925955093935,4.252008134867893
2022-01-26,2.5976070283433246,4.2453551448439955
2022-01-27,2.5746881167550937,4.202601383646449
2022-01-28,2.596357455645987,4.334433629583291
2022-01-31,2.6504554758824885,4.473042162111603
2022-02-01,2.6544462247992566,4.50347361023462
2022-02-02,2.6546876761752625,4.54006640814971
2022-02-03,2.589148298540058,4.355995841543039
2022-02-04,2.6190235862773035,4.410946300189844
2022-02-07,2.6071784480167914,4.375462784873289
2022-02-08,2.611363228662968,4.4246210104115065
2022-02-09,2.6496268207085,4.518382832170471
2022-02-10,2.624049793963408,4.416119731402873
2022-02-11,2.572444346805126,4.276033572611774
2022-02-14,2.579291482153357,4.2813314599212235
2022-02-15,2.623213961720633,4.38778277889012
2022-02-16,2.6181876410729497,4.386673496291585
2022-02-17,2.5660533806325785,4.25619751259804
2022-02-18,2.5468220664463397,4.207653837349603
2022-02-22,2.5252549870121968,4.1653928759127306
2022-02-23,2.4871779922309485,4.0586968963567704
2022-02-24,2.5327033576659153,4.1950864771783944
2022-02-25,2.546450112231694,4.260138751154576
2022-02-28,2.567180654504498,4.27283018091259
2022-03-01,2.5417149423036007,4.207406857704841
2022-03-02,2.562285406385363,4.278004771654467
2022-03-03,2.5332385778579694,4.2168941227444385
2022-03-04,2.517987470716146,4.155783087324794
2022-03-07,2.4640789062922623,4.002513472034241
2022-03-08,2.4765133744795,3.9839088316577658
2022-03-09,2.5238600469289745,4.1273224517348535
2022-03-10,2.5136225254624724,4.081488981915312
2022-03-11,2.4771279507011417,3.9968460815316913
2022-03-14,2.454882005260012,3.9200875908092265
2022-03-15,2.499885945440885,4.043048668034717
2022-03-16,2.558332162956183,4.192991981568129
2022-03-17,2.5834558339257265,4.243753062484787
2022-03-18,2.6342438795365615,4.330614528065478
2022-03-21,2.6310242838826623,4.31857398050117
2022-03-22,2.66447216801532,4.4034464675968215
2022-03-23,2.6479775156650467,4.340162088605203
2022-03-24,2.6931061579017794,4.436630250696901
2022-03-25,2.6932221489248196,4.432929034612033
2022-03-28,2.7302969270512936,4.50151748506696
2022-03-29,2.751411765266554,4.578987153483259
2022-03-30,2.7321900210432166,4.5284100511439185
2022-03-31,2.7079133390380195,4.4722815111868925
2022-04-01,2.7097876148009226,4.463769796418621
2022-04-04,2.7588393860700835,4.555672120413979
2022-04-05,2.7192282978244124,4.454517142716067
2022-04-06,2.6658536719538204,4.357803160508457
2022-04-07,2.6653973494460184,4.368167029357628
2022-04-08,2.64001831569405,4.307102761601545
2022-04-11,2.5966230191597535,4.205207231478966
2022-04-12,2.5899489584813318,4.187444022536989
2022-04-13,2.61400606177652,4.272561556729321
2022-04-14,2.57881650164079,4.174859655942667
2022-04-18,2.592373357338496,4.178068458776479
2022-04-19,2.6231160631922394,4.271451114601937
2022-04-20,2.5594708486234268,4.209154654189363
2022-04-21,2.5221625001072914,4.122062442367793
2022-04-22,2.501524619962156,4.014123061376471
2022-04-25,2.5176629102930175,4.065687309275622
2022-04-26,2.43904982007626,3.912228690782741
2022-04-27,2.421053999341045,3.907539942628445
2022-04-28,2.524611454975293,4.0463200854263555
2022-04-29,2.4611687541751084,3.864240816362421
2022-05-02,2.517179200279106,3.9287585475393785
2022-05-03,2.5212927808376064,3.932952949894536
2022-05-04,2.583691696608784,4.065934288920383
2022-05-05,2.4717099354984677,3.861157242644263
2022-05-06,2.451527148557331,3.8148982257372697
2022-05-09,2.3629689818390727,3.665631690541848
2022-05-10,2.385393981711057,3.7101653285220615
2022-05-11,2.3146037963992416,3.600128746353161
2022-05-12,2.3079773651977895,3.5916154855464244
2022-05-13,2.407858007944154,3.724721280668692
2022-05-16,2.3705497531920745,3.681546610499089
2022-05-17,2.4361435718934263,3.776902397915322
2022-05-18,2.318282398112395,3.5914933485077007
2022-05-19,2.3162947118594746,3.572248261697158
2022-05-20,2.289666785196734,3.561146159481018
2022-05-23,2.3161978907462077,3.6203590461754342
2022-05-24,2.2254155663567863,3.5433829505390406
2022-05-25,2.2738840297740817,3.592972907318569
2022-05-26,2.3533381666199933,3.6925246431284244
2022-05-27,2.432494644809786,3.813046844675603
2022-05-31,2.4406112217383535,3.8029318880192746
2022-06-01,2.4177199568967875,3.774804810228127
2022-06-02,2.504898707345521,3.8781810586904215
2022-06-03,2.4144710792295143,3.7772734471468876
2022-06-06,2.438521262194664,3.7898547216642795
2022-06-07,2.4445815096840935,3.8225449319844533
2022-06-08,2.4372209320763485,3.7950362695792483
2022-06-09,2.3675288997619415,3.6933884921206634
2022-06-10,2.2798262857487557,3.5631200640910246
2022-06-13,2.1686142080640076,3.3974485147450038
2022-06-14,2.1769351399478207,3.403616821710168
2022-06-15,2.247007084027136,3.4886110593349273
2022-06-16,2.1558061226903016,3.3478589444750906
2022-06-17,2.185054552330131,3.3885661372547826
2022-06-21,2.2323184015017135,3.4740585857748423
2022-06-22,2.2234648100374232,3.4689914447062726
2022-06-23,2.241427757532078,3.5206546390671747
2022-06-24,2.32748041779032,3.641284676797276
2022-06-27,2.305539712640729,3.6145869115668896
2022-06-28,2.2195276765055296,3.504463364734341
2022-06-29,2.217879353931126,3.5076760326643135
2022-06-30,2.1827302777278503,3.464171283282464
2022-07-01,2.1812484732241906,3.4870360326488536
2022-07-05,2.2378678113189383,3.546732442873154
2022-07-06,2.250044345219354,3.5694746686912042
2022-07-07,2.304363041802984,3.6458586315955572
2022-07-08,2.307815727443055,3.6504310403553717
2022-07-11,2.2331057028355086,3.572441516505265
2022-07-12,2.2171666734042663,3.537834218488668
2022-07-13,2.224987292322111,3.530542714578785
2022-07-14,2.2223786022063865,3.5431487257116148
2022-07-15,2.26163135951251,3.6074194772438117
2022-07-18,2.2701834688564038,3.576890628697508
2022-07-19,2.341176241196358,3.6868916519817168
2022-07-20,2.3962829186785273,3.7453531639822124
2022-07-21,2.4439670011347703,3.7991185841457042
2022-07-22,2.379923048617741,3.7324994001853895
2022-07-25,2.356030234486088,3.7112398252551366
2022-07-26,2.288951134613687,3.6383186020024483
2022-07-27,2.4024830579670735,3.792073673370966
2022-07-28,2.4048133240327147,3.829151540854405
2022-07-29,2.473638947796468,3.8989845522735407
2022-08-01,2.4800999589369463,3.8966353468261907
2022-08-02,2.4811305091311837,3.885017640782021
2022-08-03,2.5457182910310854,3.990816531518748
2022-08-04,2.568577865397248,4.009480307866505
2022-08-05,2.5213577539888665,3.9767263234596553
2022-08-08,2.496569095426781,3.9638717866435997
2022-08-09,2.4616664847025422,3.919006523412675
2022-08-10,2.5469467807555835,4.028389904330173
2022-08-11,2.5223199103292187,4.005523995434935
2022-08-12,2.5823371516019114,4.083514292304275
2022-08-15,2.6044044857449804,4.116514096827037
2022-08-16,2.597772870203446,4.106874160489035
2022-08-17,2.5615935017569105,4.0600307410423255
2022-08-18,2.5706302443740383,4.069795133476748
2022-08-19,2.5059431254248175,3.9904458687967983
2022-08-22,2.441228459097059,3.8853898495424355
2022-08-23,2.449221175707197,3.882175249064381
2022-08-24,2.456139494481973,3.8934222923866013
2022-08-25,2.5005552850063366,3.9622658391882295
2022-08-26,2.398238901167154,3.7998599095896033
2022-08-29,2.370041589846789,3.7624094468361338
2022-08-30,2.3412759914675463,3.720510258400038
2022-08-31,2.333529731052127,3.6988807937670685
2022-09-01,2.317902867878328,3.7004875142416713
2022-09-02,2.28378925038,3.64820551798521
2022-09-06,2.273543688887176,3.6220040311020423
2022-09-07,2.3124248684689968,3.6951730070187248
2022-09-08,2.3291437083547066,3.7143299696367706
2022-09-09,2.3861735068689915,3.7955340939649327
2022-09-12,2.410615591341598,3.840645563821386
2022-09-13,2.275844137654716,3.630038019984673
2022-09-14,2.2941305983843696,3.6588360784695686
2022-09-15,2.2698796586882826,3.5979024509637667
2022-09-16,2.2585280776777172,3.575902323608848
2022-09-19,2.281416267999874,3.603748408909008
2022-09-20,2.261232688227296,3.575022627722344
2022-09-21,2.2247813187372096,3.511008518575314
2022-09-22,2.191274693246185,3.4677963569729378
2022-09-23,2.150204231119381,3.4113338727075027
2022-09-26,2.1379610272712783,3.3972189280329723
2022-09-27,2.14361918501005,3.3985809879205116
2022-09-28,2.192788813132595,3.4661857714021727
2022-09-29,2.1180323875126,3.3662637593799847
2022-09-30,2.0936816399778957,3.309184405767071
2022-10-03,2.1039446111522078,3.3868179542606454
2022-10-04,2.165242740837866,3.4933028995661526
2022-10-05,2.1514300318803494,3.4914449478410106
2022-10-06,2.1411812526887397,3.4639579299743137
2022-10-07,2.044326906808968,3.33196760160444
2022-10-10,2.026465076897872,3.2986593624079394
2022-10-11,1.9936710777988638,3.253341496416428
2022-10-12,1.9929548739213885,3.252226802683266
2022-10-13,2.0298150483928046,3.328499837327765
2022-10-14,1.9507369559682397,3.2284533692091557
2022-10-17,2.041396265798145,3.335061997591852
2022-10-18,2.0530497266168606,3.3614358677638516
2022-10-19,2.050488017006183,3.349176942266382
2022-10-20,2.0308963880211963,3.332089352133547
2022-10-21,2.0669377153476303,3.410219565483957
2022-10-24,2.0760885359255568,3.4477372809106477
2022-10-25,2.1362838289310155,3.5190568083137443
2022-10-26,2.0583552776940195,3.441298417214133
2022-10-27,1.967567525642693,3.378646367954642
2022-10-28,1.9941057350094369,3.482034984724657
2022-10-31,1.9592605829855607,3.4415457833685106
2022-11-01,1.9339716912920637,3.4063807519757163
2022-11-02,1.8652596502074683,3.2896200620135354
2022-11-03,1.8340524896750567,3.22535839345732
2022-11-04,1.8684773038781943,3.2772389994773423
2022-11-07,1.8817344634979216,3.313270198920073
2022-11-08,1.8784627150327735,3.337415454644981
2022-11-09,1.816576636651143,3.260399548518117
2022-11-10,2.0007239169153044,3.500978980544169
2022-11-11,2.057326359886758,3.5654893680384183
2022-11-14,2.0324382182823237,3.5342872197406696
2022-11-15,2.0664124356738576,3.5831953735571958
2022-11-16,2.019465559597916,3.5342872197406696
2022-11-17,1.9939705890657526,3.5264855231373837
2022-11-18,1.9776436797433625,3.5266095927241885
2022-11-21,1.9337419326105452,3.490331413636697
2022-11-22,1.9704242990233813,3.5406016273407626
2022-11-23,2.0191825305361735,3.5761377079651226
2022-11-25,2.0021433883183226,3.552612027155006
2022-11-28,1.9750170468091004,3.5004838617257974
2022-11-29,1.9555352890492927,3.4739870814958427
2022-11-30,2.0850027404510088,3.6323508935280993
2022-12-01,2.0909539439035183,3.636808122422283
2022-12-02,2.084378190067618,3.6223217420065703
2022-12-05,2.03221351561464,3.5615272579626054
2022-12-06,1.9673255989037244,3.4877302039195746
2022-12-07,1.9516545990357819,3.4734915761678558
2022-12-08,1.9867550431342877,3.514599192909945
2022-12-09,1.9840658770474948,3.4921882058329907
2022-12-12,1.9896860427187153,3.5360199423501584
2022-12-13,2.0222377479659235,3.5740323900856033
2022-12-14,2.0012846481711017,3.547535609855647
2022-12-15,1.934459308742137,3.42842223585957
2022-12-16,1.9091991209078765,3.395733571577861
2022-12-19,1.8667529522409654,3.34801122926388
2022-12-20,1.8506725287811507,3.3454042219025144
2022-12-21,1.8792717990281387,3.393933982804767
2022-12-22,1.7971725065279684,3.310900508463063
2022-12-23,1.8027557863008736,3.318347389238664
2022-12-27,1.7306749083573028,3.2714316924937226
2022-12-28,1.7176561664513414,3.2282396293913895
2022-12-29,1.784147008030605,3.3069283491372286
2022-12-30,1.784808302121441,3.304942462729119
2023-01-03,1.765954579078832,3.282601820402316
2023-01-04,1.777770610750559,3.298240772493579
2023-01-05,1.7377796883069263,3.246608885411591
2023-01-06,1.785484482366056,3.3362195938924137
2023-01-09,1.8247284136821422,3.3578162052080045
2023-01-10,1.8510005684952529,3.38623857634594
2023-01-11,1.9002832160776102,3.4448210658563108
2023-01-12,1.9235550585025616,3.4634388475597375
2023-01-13,1.9477529440080106,3.4872687114378147
2023-01-17,1.971070988661498,3.494342996943385
2023-01-18,1.9455142701498336,3.44891729476895
2023-01-19,1.930330505667103,3.415032769734674
2023-01-20,2.0145904575714466,3.5084919544641426
2023-01-23,2.086175250559969,3.586436256689153
2023-01-24,2.077034819321155,3.579114605029205
2023-01-25,2.0694307418354874,3.5711702863775363
2023-01-26,2.146495400791539,3.6407992207193116
2023-01-27,2.221636404768651,3.677040681393263
2023-01-30,2.139970632764202,3.6026959432240564
2023-01-31,2.187241400196061,3.656685538964952
2023-02-01,2.2638185787260734,3.7348787533828047
2023-02-02,2.4432242233320536,3.868922993853241
2023-02-03,2.3763793519554577,3.800162933128715
2023-02-06,2.3691813228928966,3.768016541838554
2023-02-07,2.4384671024529645,3.8460860731792184
2023-02-08,2.3915025456712526,3.777698221215107
2023-02-09,2.3685297894280763,3.744311520566515
2023-02-10,2.311290735115397,3.71973607963876
2023-02-13,2.3491420173033277,3.779311898862802
2023-02-14,2.4054175835230427,3.807237605143902
2023-02-15,2.417185725288193,3.836404393802666
2023-02-16,2.3417527740123094,3.7644181373115995
2023-02-17,2.3270723996229226,3.737857196485352
2023-02-21,2.260853851438766,3.64936234126654
2023-02-22,2.271136081914276,3.6520934182147102
2023-02-23,2.3466952739619242,3.6839912838216446
2023-02-24,2.3023391561689905,3.6223055086026887
2023-02-27,2.330393833773099,3.6482453284756806
2023-02-28,2.3333720444064214,3.643529524648249
2023-03-01,2.3003145668709903,3.614239439421913
2023-03-02,2.3061244136927384,3.644149099563041
2023-03-03,2.380576263229818,3.719488326974767
2023-03-06,2.3683334820146964,3.723708625474211
2023-03-07,2.3409202769275668,3.6780336245973175
2023-03-08,2.356514264091402,3.696402880617519
2023-03-09,2.2988192627482045,3.632359396739656
2023-03-10,2.266964022656433,3.581347084572459
2023-03-13,2.2867427824406286,3.607909184927555
2023-03-14,2.385125848851553,3.6908174301536056
2023-03-15,2.408971437016202,3.710179242868245
2023-03-16,2.504229745773039,3.807982795683963
2023-03-17,2.48287363622686,3.789985748424176
2023-03-20,2.4867747242831317,3.803436283068434
2023-03-21,2.556009654941705,3.8577578905696583
2023-03-22,2.530503492936001,3.8053000324378194
2023-03-23,2.572768823226143,3.8504238706019915
2023-03-24,2.564247167597193,3.8645952456804893
2023-03-27,2.5384482162829087,3.8381185639505766
2023-03-28,2.5166510014138446,3.8177313412241203
2023-03-29,2.569887999447688,3.8873432691427827
2023-03-30,2.5974838056459406,3.9241382115871524
2023-03-31,2.658354479084076,3.989400746794555
2023-04-03,2.640949607924126,3.9797043800525866
2023-04-04,2.63509315611746,3.9662789685333824
2023-04-05,2.585000238830148,3.9271212928050945
2023-04-06,2.622004755027594,3.9535991340638557
2023-04-10,2.6210532698091717,3.951361629895591
2023-04-11,2.5938200172433157,3.9260027339757704
2023-04-12,2.555929192408345,3.891320839603244
2023-04-13,2.6163728493896774,3.9675219834591275
2023-04-14,2.6257972756221286,3.960063120885424
2023-04-17,2.623626907139396,3.963419570392629
2023-04-18,2.626737076469683,3.963668482585471
2023-04-19,2.629522455130643,3.9618028006680044
2023-04-20,2.5704993379045917,3.93159668765124
2023-04-21,2.58559990437408,3.9356991007177387
2023-04-24,2.5743488601970723,3.9274946610943577
2023-04-25,2.511587931839821,3.8534069518199336
2023-04-26,2.5477491039363938,3.8767764827450995
2023-04-27,2.674630193015026,3.9821892503752285
2023-04-28,2.6835770588332504,4.009661967386125
2023-05-01,2.6977750892285908,4.005063275972407
2023-05-02,2.6686989230484284,3.970132082897423
2023-05-03,2.6530635590342415,3.944152066024346
2023-05-04,2.639234219738795,3.93022960313869
2023-05-05,2.7012286310721993,4.013764380452624
2023-05-08,2.7226883163450064,4.023708499858586
2023-05-09,2.7030183098592473,3.99822553435196
2023-05-10,2.7435499639353087,4.04173337581074
2023-05-11,2.7701249567861996,4.054910261646718
2023-05-12,2.74609467111247,4.040365904788574
2023-05-15,2.7697062914823922,4.062244281614385
2023-05-16,2.796711984117116,4.066842973028103
2023-05-17,2.857301873918652,4.116069224258774
2023-05-18,2.9317049556426165,4.1925177342690345
2023-05-19,2.9170168413844215,4.183070666229525
2023-05-22,2.940835454721926,4.197117585211601
2023-05-23,2.9043154367684663,4.143913377010852
2023-05-24,2.901610137429601,4.12265689415753
2023-05-25,3.105146526757831,4.222973532497874
2023-05-26,3.1740108686675685,4.330872329979493
2023-05-30,3.1927337199814225,4.350512816127423
2023-05-31,3.193117482708413,4.325775814180091
2023-06-01,3.234696385228311,4.375747642460439
2023-06-02,3.258632005437242,4.408564627934731
2023-06-05,3.2715271372788886,4.411671778739478
2023-06-06,3.284990260196656,4.4109258151801845
2023-06-07,3.227914136743454,4.336092915365699
2023-06-08,3.261379674562056,4.389918244519705
2023-06-09,3.277893750399369,4.406700105546113
2023-06-12,3.322929925304188,4.481160410090568
2023-06-13,3.342819346508467,4.515593392270252
2023-06-14,3.3451351503143503,4.548410377744545
2023-06-15,3.379402520899218,4.602608688678196
2023-06-16,3.3744897097124245,4.573644431058328
2023-06-20,3.4068486665763187,4.567096958159658
2023-06-21,3.361743965138281,4.504859247208748
2023-06-22,3.407876919959656,4.558010503592075
2023-06-23,3.395988714566724,4.512825596908542
2023-06-26,3.324276329132217,4.452328338759445
2023-06-27,3.3672237615612834,4.5288815928757
2023-06-28,3.379638833857819,4.537720294779289
2023-06-29,3.365581485621788,4.52863345370209
2023-06-30,3.3971426244972553,4.598466078611611
2023-07-03,3.4278214229021504,4.609296078057936
2023-07-05,3.457682029034123,4.60917007592305
2023-07-06,3.4283057347939305,4.5740680455976985
2023-07-07,3.424914127112893,4.558881696267022
2023-07-10,3.4037426176007735,4.560375942443307
2023-07-11,3.422150612044244,4.582905974482055
2023-07-12,3.4643986078879925,4.640788881587078
2023-07-13,3.5161188130497747,4.719583891477376
2023-07-14,3.5167331879844266,4.71858708317716
2023-07-17,3.5299642638471465,4.76265227150252
2023-07-18,3.5327147193222057,4.801613213836156
2023-07-19,3.5422742423545177,4.800493881987599
2023-07-20,3.4303458116694943,4.68983231376928
2023-07-21,3.409652765286352,4.675766842325626
2023-07-24,3.420223339929766,4.683236140658966
2023-07-25,3.4231973714660855,4.714977469871334
2023-07-26,3.4493079124002657,4.699293296154973
2023-07-27,3.4635165547552678,4.6880899284193855
2023-07-28,3.53946549942009,4.7734814979296125
2023-07-31,3.5323801913768866,4.775971779386881
2023-08-01,3.518220402946853,4.764893254257331
2023-08-02,3.4629322258389976,4.660331580802106
2023-08-03,3.472926156756939,4.652863055487997
2023-08-04,3.4991604527441575,4.631079373518158
2023-08-07,3.529261324514266,4.670289614554251
2023-08-08,3.5078797199420864,4.630581549132474
2023-08-09,3.4638904987792136,4.579669729465493
2023-08-10,3.4737102071141575,4.58813390355097
2023-08-11,3.4587509527575744,4.558881696267022
2023-08-14,3.4778963443703974,4.610042428126846
2023-08-15,3.4396153243669714,4.561123452041065
2023-08-16,3.3954660986375558,4.512825596908542
2023-08-17,3.363111155145757,4.463531319985417
2023-08-18,3.3413464863610196,4.457930022627239
2023-08-21,3.393436120067827,4.529753172060263
2023-08-22,3.3923704031292834,4.5232818415559874
2023-08-23,3.4293436811803373,4.594606780093711
2023-08-24,3.3773817099061696,4.49639314057519
2023-08-25,3.3961206412899827,4.531247804746164
2023-08-28,3.4102078919282066,4.565354572809763
2023-08-29,3.4790878338500697,4.665061685485337
2023-08-30,3.4770338703592873,4.691077261243105
2023-08-31,3.4936160974227173,4.705143119196378
2023-09-01,3.469811057171717,4.700163715810688
2023-09-05,3.495908364439046,4.706139154477361
2023-09-06,3.47360987232784,4.6646879306864575
2023-09-07,3.4842567765665455,4.631328672220617
2023-09-08,3.4822265861148614,4.637800389234509
2023-09-11,3.5702939488208862,4.692446278303737
2023-09-12,3.533637518232502,4.640415126788199
2023-09-13,3.5669631646560314,4.658090984556912
2023-09-14,3.59422099974039,4.696181507234832
2023-09-15,3.5464264474786678,4.615767795071829
2023-09-18,3.535823402052002,4.620579839793697
2023-09-19,3.5336566207446642,4.610731574772556
2023-09-20,3.491466967674879,4.544288639197235
2023-09-21,3.4358247776778343,4.461017461441559
2023-09-22,3.4221677488369906,4.461640901452513
2023-09-25,3.44122606726184,4.482832837199927
2023-09-26,3.402567872889227,4.415516389891962
2023-09-27,3.399629185457326,4.4258644118468675
2023-09-28,3.429720284042596,4.462887008455188
2023-09-29,3.4282996969708783,4.466127505077528
2023-10-02,3.465401893879543,4.503401332936388
2023-10-03,3.418657337086982,4.424368233122502
2023-10-04,3.4735781325435306,4.484577928117135
2023-10-05,3.465111411770942,4.471363937358
2023-10-06,3.5055652889816473,4.546284574855366
2023-10-09,3.5143806579793946,4.5694705137128295
2023-10-10,3.5329627767667278,4.594775684795997
2023-10-11,3.5624375175619223,4.627560589972143
2023-10-12,3.5438078105591924,4.611479470879931
2023-10-13,3.4934890035237824,4.5535134642074215
2023-10-16,3.529476894845632,4.604997704616017
2023-10-17,3.5351315293570185,4.589914166843253
2023-10-18,3.4785125043968623,4.529704085339004
2023-10-19,3.4288074348665063,4.487320600353792
2023-10-20,3.3850647826725053,4.420378680863938
2023-10-23,3.4055300376656064,4.433717127719493
2023-10-24,3.425766398886976,4.4768481223024645
2023-10-25,3.3184971501807885,4.367274192144173
2023-10-26,3.263736043498743,4.284003014388497
2023-10-27,3.31740035971624,4.3045715101249575
2023-10-30,3.3397314752618845,4.353063393084821
2023-10-31,3.3432676681432674,4.373881960542972
2023-11-01,3.398650911905592,4.449798633321323
2023-11-02,3.427396995863176,4.5305768240524165
2023-11-03,3.4455599809109723,4.583806155378219
2023-11-06,3.455214541939619,4.60250510410105
2023-11-07,3.4813634628445005,4.646009853482901
2023-11-08,3.4836294203172393,4.649002597441249
2023-11-09,3.4522865306490758,4.613225334816371
2023-11-10,3.4983135401012886,4.716941711740935
2023-11-13,3.5101791927575743,4.702230382728587
2023-11-14,3.568512526968835,4.803453386118951
2023-11-15,3.5631989452879376,4.807068410559404
2023-11-16,3.555634723140752,4.811182418914389
2023-11-17,3.5630081591125533,4.812304842839875
2023-11-20,3.583083350723353,4.870893516504106
2023-11-21,3.580009341860489,4.842596374481824
2023-11-22,3.593433015840848,4.862417360620526
2023-11-24,3.5828171743671744,4.855561453048116
2023-11-27,3.579217954783833,4.8513226020870945
2023-11-28,3.607724117490558,4.864037608931696
2023-11-29,3.5781017504726202,4.859300160565758
2023-11-30,3.550762233450003,4.847083751126072
2023-12-01,3.544956660777923,4.860920795386544
2023-12-04,3.511377412204822,4.815794638164675
2023-12-05,3.5269272950125936,4.827886591507939
2023-12-06,3.5136908566797542,4.7999628177749205
2023-12-07,3.571444316415082,4.867029193361195
2023-12-08,3.5831761427146587,4.8887204995327584
2023-12-11,3.547649363373151,4.9304805445070174
2023-12-12,3.566360231653684,4.969747215947078
2023-12-13,3.577246348392123,5.032949654900058
2023-12-14,3.5873882926565592,5.028586347842614
2023-12-15,3.6080219612879727,5.0528943241159485
2023-12-18,3.653571499954901,5.084720298934268
2023-12-19,3.6771871373757525,5.1107018618458095
2023-12-20,3.6552658856418425,5.034758519903941
2023-12-21,3.692800282658844,5.093339463375847
2023-12-22,3.6894521618907907,5.100959113949895
2023-12-26,3.700070181163455,5.132185998863082
2023-12-27,3.711488782402551,5.142633740298971
2023-12-28,3.6973099409423726,5.140134569120529
2023-12-29,3.671654130796755,5.117889008159315
2024-01-02,3.641665007166055,5.03128225241571
2024-01-03,3.6161313906022654,4.978043258349501
2024-01-04,3.5973222038901485,4.952424627967584
2024-01-05,3.6077678362408125,4.958298414605194
2024-01-08,3.653396744253949,5.060776414719407
2024-01-09,3.6565800962228785,5.070773872452406
2024-01-10,3.6972757469598907,5.105142307526183
2024-01-11,3.6884865359241017,5.1157647513086015
2024-01-12,3.6836314705387307,5.118388378583464
2024-01-16,3.663580274573105,5.117889008159315
2024-01-17,3.6486129247090036,5.089019831905035
2024-01-18,3.672731356163526,5.161254614079327
2024-01-19,3.706147143175446,5.263606998568272
2024-01-22,3.6965094514197068,5.270481845111876
2024-01-23,3.705457375966522,5.292351332216514
2024-01-24,3.7118107099884012,5.321719492385326
2024-01-25,3.6798227909896872,5.328218265072353
2024-01-26,3.686429489666886,5.296475003311905
2024-01-29,3.7089157557316774,5.350713124736027
2024-01-30,3.7010675323320195,5.315095490582645
2024-01-31,3.678064879791247,5.210993763570715
2024-02-01,3.6972393242199915,5.272355257221666
2024-02-02,3.745663068758774,5.361461184143714
2024-02-05,3.7272426730126798,5.354463427542154
2024-02-06,3.7299237627885895,5.34371498162485
2024-02-07,3.7399422244227374,5.398703318214044
2024-02-08,3.740770014721093,5.4087011624566586
2024-02-09,3.7664886452251176,5.4619397700132515
2024-02-12,3.7481829629731944,5.4405688803135295
2024-02-13,3.7259249667742633,5.355711853602526
2024-02-14,3.7437915491119416,5.414075192160503
2024-02-15,3.760350730155028,5.430196121743186
2024-02-16,3.75828372613535,5.3809563426759475
2024-02-20,3.737337858153505,5.340340366165683
2024-02-21,3.7452118395697584,5.318969862975578
2024-02-22,3.773969859767721,5.474687243665615
2024-02-23,3.765749393461445,5.458564768044468
2024-02-26,3.7781774858322335,5.455689909519065
2024-02-27,3.774013229587677,5.468812684008773
2024-02-28,3.776679919259891,5.43969382254242
2024-02-29,3.7907972916724284,5.486309201315563
2024-03-01,3.798018005358825,5.56891558253135
2024-03-04,3.769171912731217,5.549045509671388
2024-03-05,3.74191045999977,5.4494415950633455
2024-03-06,3.7318556560220872,5.483684414511852
2024-03-07,3.7489274249774525,5.5669161682866735
2024-03-08,3.7370442122466567,5.486559273037254
2024-03-11,3.7278822010814645,5.466187897205062
2024-03-12,3.7411922971530096,5.544546151229039
2024-03-13,3.731263998738344,5.5019303739644805
2024-03-14,3.727375587568256,5.488058930348165
2024-03-15,3.711986295678349,5.422822291285049
2024-03-18,3.730770763701387,5.474543075578768
2024-03-19,3.7319580907772214,5.48818299993497
2024-03-20,3.748830030954034,5.55325382637273
2024-03-21,3.7436818472319433,5.579533001688758
2024-03-22,3.7429559688058758,5.585916208000537
2024-03-25,3.749580691250032,5.565643392120481
2024-03-26,3.7530739806917492,5.547623540793336
2024-03-27,3.763112663950653,5.566519222910821
2024-03-28,3.757990313281021,5.556258165619564
2024-04-01,3.7593182666404523,5.568020812769814
2024-04-02,3.74262623741699,5.519967618224354
2024-04-03,3.752682091119923,5.532356410952871
2024-04-04,3.7479858854271013,5.447762210780893
2024-04-05,3.757019227597583,5.5119583659571605
2024-04-08,3.7721464230640276,5.513585957951039
2024-04-09,3.7811371108484355,5.533983616437133
2024-04-10,3.7729764202101155,5.485680350169982
2024-04-11,3.790531051426135,5.573276570531096
2024-04-12,3.7840958079433893,5.484428445523064
2024-04-15,3.7667478433458634,5.39420318675246
2024-04-16,3.7588261649169996,5.39470448972469
2024-04-17,3.7558170047579305,5.328881902083393
2024-04-18,3.745810655185501,5.298473644537348
2024-04-19,3.7405899739105384,5.188852560205878
2024-04-22,3.731526258487028,5.24103445047174
2024-04-23,3.7362937539908145,5.319246603860788
2024-04-24,3.7679261429470783,5.337265682168699
2024-04-25,3.782518702650719,5.3114878098249
2024-04-26,3.7790926193270424,5.393452585077772
2024-04-29,3.8257888988915383,5.415352219932474
2024-04-30,3.8062656481244224,5.313239471405584
2024-05-01,3.800301735546269,5.27482157508273
2024-05-02,3.8003379704925724,5.342146139092636
2024-05-03,3.8024770217158586,5.449515418400042
2024-05-06,3.8089485001449077,5.509205644470482
2024-05-07,3.796349941238281,5.51008186177044
2024-05-08,3.7907485717450147,5.506828223821148
2024-05-09,3.7857635282620836,5.518840942693089
2024-05-10,3.7794189274656262,5.531855880999873
2024-05-13,3.785618505496076,5.544619974565735
2024-05-14,3.7958786379939533,5.580284376382678
2024-05-15,3.789425277038056,5.6675056824160635
2024-05-16,3.7909660920638943,5.655992720477888
2024-05-17,3.7957154977547938,5.653239612481594
2024-05-20,3.791165494909622,5.692658182200827
2024-05-21,3.8122839684425607,5.703795070282426
2024-05-22,3.8005192558651486,5.70266955428001
2024-05-23,3.7889720912668805,5.67701652454225
2024-05-24,3.798942178232742,5.730700777686336
2024-05-28,3.7944284379941386,5.752348794780883
2024-05-29,3.793413306292348,5.711803936040003
2024-05-30,3.7981264217164146,5.650611733600953
2024-05-31,3.796839389616024,5.64010099109762
2024-06-03,3.7935945640046596,5.670383633018395
2024-06-04,3.7908392144313026,5.6859008345805515
2024-06-05,3.79125613759591,5.800527604951613
2024-06-06,3.7965856066905768,5.798525098630007
2024-06-07,3.7957517327010972,5.793394183474762
2024-06-10,3.789062706292904,5.816795021678841
2024-06-11,3.7833888392467663,5.856714507860688
2024-06-12,3.7954073070893615,5.933424298371509
2024-06-13,3.804797330651456,5.965583444479005
2024-06-14,3.7967124843231685,5.996493391506896
2024-06-17,3.813806665995247,6.069949544068425
2024-06-18,3.8091297855174835,6.071826048255145
2024-06-20,3.80316587293933,6.02502514486622
2024-06-21,3.805776199746679,6.0088821842354125
2024-06-24,3.804996733497184,5.940473460752026
2024-06-25,3.813643525756087,6.008406004388237
2024-06-26,3.82999444846471,6.020814509107181
2024-06-27,3.8318978342357,6.036355674265542
2024-06-28,3.8327317082251793,6.005021726188664
2024-07-01,3.8544483626350368,6.040242028456578
2024-07-02,3.893241053583557,6.103662458833102
2024-07-03,3.9206678653063847,6.154549541884646
2024-07-05,3.929967246182191,6.218721733464708
2024-07-08,3.932541338043236,6.233511137419533
2024-07-09,3.9495629668419143,6.238900627508024
2024-07-10,3.951248859954289,6.303950968936126
2024-07-11,3.9109515612659704,6.1657038228989745
2024-07-12,3.924003305943773,6.201925958092115
2024-07-15,3.9319975095857727,6.218595731329823
2024-07-16,3.939103459158573,6.2209770170753185
2024-07-17,3.9244927543215167,6.038361272664078
2024-07-18,3.925816049028475,6.009784684189273
2024-07-19,3.9076342381017337,5.956516701901849
2024-07-22,3.929949101048775,6.045255058178877
2024-07-23,3.9206497478332327,6.023948329075447
2024-07-24,3.8655604865955455,5.807867036053907
2024-07-25,3.8732827621786816,5.743819687079883
2024-07-26,3.8724670333226183,5.802728004196721
2024-07-29,3.8947637787965075,5.81438358818328
2024-07-30,3.8775789544381407,5.734544615819587
2024-07-31,3.9195493726343322,5.90425093904927
2024-08-01,3.8773800639449143,5.7612419945403595
2024-08-02,3.8570949652574997,5.624498370910281
2024-08-05,3.8284138631081905,5.456797646079135
2024-08-06,3.838706778652167,5.508937793306447
2024-08-07,3.812628749795255,5.44927771498607
2024-08-08,3.836789562958182,5.615976220382373
2024-08-09,3.838481168983435,5.645304570060714
2024-08-12,3.8419121250619668,5.657462230038735
2024-08-13,3.8739636686037455,5.79783981708046
2024-08-14,3.8658974950863705,5.799719413344109
2024-08-15,3.8979622666880545,5.946239411206712
2024-08-16,3.904766278706015,5.953884571415431
2024-08-19,3.9268607998306027,6.03209440574678
2024-08-20,3.9187841756231876,6.019435829306144
2024-08-21,3.925054165395271,6.047511114808721
2024-08-22,3.8932987016643357,5.951628128275971
2024-08-23,3.9213326482575486,6.016176780222225
2024-08-26,3.903005065848866,5.957769766077616
2024-08-27,3.8991932126639153,5.975567760885053
2024-08-28,3.8878932855082144,5.907760446364495
2024-08-29,3.8738640698075426,5.899112680211316
2024-08-30,3.891384805284483,5.9694257365737915
2024-09-03,3.86377071947208,5.788189058473204
2024-09-04,3.8763953526156385,5.77314842326784
2024-09-05,3.8977695478474716,5.778537913356333
2024-09-06,3.8543432738958936,5.623747382725977
2024-09-09,3.868619233605753,5.696066037486988
2024-09-10,3.889548002422579,5.748708260705761
2024-09-11,3.9127641422459822,5.873542750041042
2024-09-12,3.9245102605696935,5.931198776001348
2024-09-13,3.928847411603343,5.957769766077616
2024-09-16,3.9189152368143327,5.931448847723038
2024-09-17,3.920277875658956,5.934581894672071
2024-09-18,3.9155401431286485,5.908888281424609
2024-09-19,3.9572400228373863,6.058289708476088
2024-09-20,3.9453203431793513,6.046759353605183
2024-09-23,3.964881217593344,6.062787520879975
2024-09-24,3.9818014103239,6.092031611461981
2024-09-25,3.9906982862275333,6.097679676483721
2024-09-26,3.9881988477036217,6.1434918882743705
2024-09-27,3.9961355076687193,6.109352266893393
2024-09-30,4.000760658607131,6.125920388102036
2024-10-01,3.9873748577558104,6.040570948139975
2024-10-02,3.9730733869563792,6.0491062399948365
2024-10-03,3.965395796991982,6.044587556071676
2024-10-04,3.9878755161484696,6.11650655988952
2024-10-07,3.971124656128185,6.050988928335416
2024-10-08,3.9892314479935913,6.141358355192867
2024-10-09,3.979306713821734,6.18968094694083
2024-10-10,3.979492485384192,6.182651883060357
2024-10-11,3.942943814005523,6.192316942523411
2024-10-14,3.953720813820355,6.244279295327263
2024-10-15,3.955103378313127,6.160813316725015
2024-10-16,3.9579102080517212,6.161565850947785
2024-10-17,3.9542611718213765,6.16583291711079
2024-10-18,3.954543316690053,6.206248681639856
2024-10-21,3.9520208662005496,6.218172503300067
2024-10-22,3.9517938058575637,6.2249499494203855
2024-10-23,3.940945147133919,6.129559762648309
2024-10-24,4.025759183800572,6.179263353255005
2024-10-25,4.044808757881947,6.21691750657622
2024-10-28,4.034553637026593,6.2179216585591455
2024-10-29,4.032918249536813,6.277665609466239
2024-10-30,4.035459087058182,6.230221554075932
2024-10-31,4.017217558412307,6.072953496805643
2024-11-01,4.015870574583408,6.1178875587482535
2024-11-04,4.002119147575709,6.1000648273253795
2024-11-05,4.018348062722897,6.177882740905888
2024-11-06,4.094239132216495,6.345693620977655
2024-11-07,4.114851369892759,6.445602105163276
2024-11-08,4.155850385889125,6.453132858525596
2024-11-11,4.210578442777416,6.449367868354051
2024-11-12,4.173210169897724,6.437694891434763
2024-11-13,4.172879008454582,6.429411217340058
2024-11-14,4.134108581685406,6.384728386647987
2024-11-15,4.147451165238653,6.232606318407974
2024-11-18,4.183709753229579,6.275908923260546
2024-11-19,4.200476084861049,6.319084752958997
2024-11-20,4.1905432070261615,6.315445378412723
2024-11-21,4.175534086378354,6.338164027144184
2024-11-22,4.195284965563781,6.348330003069853
2024-11-25,4.173656218000373,6.358370749879868
2024-11-26,4.174883270310286,6.392510371260846
2024-11-27,4.165343932836285,6.342179862056652
2024-11-29,4.187228227490677,6.39790681852243
2024-12-02,4.212101995268698,6.467567060143119
2024-12-03,4.201631939621666,6.487398482041459
2024-12-04,4.21730718601998,6.567600773444393
2024-12-05,4.236050439265516,6.549402354674559
2024-12-06,4.274462669774203,6.608016537973459
2024-12-09,4.276596838267326,6.556555874651453
2024-12-10,4.309444563878326,6.534214072795801
2024-12-11,4.365647113573208,6.651192754181527
2024-12-12,4.365647113573208,6.608266996204765
2024-12-13,4.365647113573208,6.658849509678732
2024-12-16,4.365647113573208,6.754740999423038
2024-12-17,4.365647113573208,6.72499367332072
2024-12-18,4.365647113573208,6.482377335617219
2024-12-19,4.365647113573208,6.453509318891788
2024-12-20,4.365647113573208,6.509865513012764
2024-12-23,4.365647113573208,6.57328787593737
2024-12-24,4.365647113573208,6.662420858532553
2024-12-26,4.365647113573208,6.657894830926683
2024-12-27,4.365647113573208,6.569391085986697
2024-12-30,4.365647113573208,6.482018268183755
2024-12-31,4.365647113573208,6.426955721748249
2025-01-02,4.365647113573208,6.414384109971262
2025-01-03,4.3835802474695695,6.519356643148523
2025-01-06,4.383931304841161,6.594283078290132
2025-01-07,4.374325912885565,6.476612544691383
2025-01-08,4.3746597229918525,6.4777446313572735
2025-01-10,4.374544612424842,6.376167198648839
2025-01-13,4.379476803399674,6.355674458797157
2025-01-14,4.375476948302045,6.349640270668819
2025-01-15,4.393812951619537,6.495721580117018
2025-01-16,4.385525500133565,6.450213551394328
2025-01-17,4.392823060458828,6.559082101503029
2025-01-21,4.391424556643023,6.597552176624072
2025-01-22,4.386267905331541,6.681906354324381
2025-01-23,4.384696753228627,6.696112901777954
2025-01-24,4.381358739982792,6.658272064312108
2025-01-27,4.375931612209309,6.464419325828669
2025-01-28,4.396002081311975,6.559963343427998
2025-01-29,4.381054191997658,6.547643735920784
2025-01-30,4.389243745715647,6.575550503230689
2025-01-31,4.383267819528207,6.5659967585371035
2025-02-03,4.36492755787201,6.513448457155071
2025-02-04,4.373513499022126,6.593403382403628
2025-02-05,4.376851628105823,6.6233223187755454
2025-02-06,4.381749280040698,6.657894830926683
2025-02-07,4.376583370623147,6.573917113592567
2025-02-10,4.377207737982426,6.653494805455699
2025-02-11,4.362991273539267,6.637654868364004
2025-02-12,4.369853408434554,6.641551658314677
2025-02-13,4.40160634802528,6.737096835442855
2025-02-14,4.40805998640529,6.76538238217665
2025-02-18,4.406931670312898,6.780719083748034
2025-02-19,4.414612992431393,6.78260525067516
2025-02-20,4.408603001544374,6.753814922382588
2025-02-21,4.37753111753724,6.6136441179855385
2025-02-24,4.360851635900433,6.53557304060641
2025-02-25,4.319733768708306,6.453230645458498
2025-02-26,4.313450108929101,6.468819351299653
2025-02-27,4.281915581811628,6.289171227721707
2025-02-28,4.312777014050975,6.3884871926656706
2025-03-03,4.27606057699679,6.248690916086733
2025-03-04,4.254419978151209,6.229833111911637
2025-03-05,4.27095285134304,6.311045739451355
2025-03-06,4.227234961733285,6.137432963530595
2025-03-07,4.229592794142403,6.182564531887092
2025-03-10,4.1380459289525415,5.942950600882344
2025-03-11,4.166037125400262,5.928745212957619
2025-03-12,4.234161138311617,5.995625677418494
2025-03-13,4.206628225202709,5.887761279292718
2025-03-14,4.248599759453854,6.0300721874347465
2025-03-17,4.20804597750098,6.069169181153288
2025-03-18,4.1586584874200785,5.965705195008113
2025-03-19,4.201064014568381,6.045534891141016
2025-03-20,4.202774704084051,6.025042924308566
2025-03-21,4.244252926820096,6.044905653485819
2025-03-24,4.358437096743514,6.177557299809036
2025-03-25,4.394639865509651,6.212810455394326
2025-03-26,4.317318734948628,6.098490187148922
2025-03-27,4.309816720349012,6.063741040103175
2025-03-28,4.249904517799728,5.904095948693168
2025-03-31,4.232262023535571,5.903843944423396
2025-04-01,4.271371741545799,5.951435646487097
2025-04-02,4.317137709785526,5.994871983666877
2025-04-03,4.210166546193296,5.6739453191318105
2025-04-04,4.059792593897413,5.321543244000332
2025-04-07,4.061353918015891,5.3343846394894365
2025-04-08,3.99941929729878,5.238320379946683
2025-04-09,4.3928509212034275,5.8670810822771715
2025-04-10,4.236586507275135,5.617540424799191
2025-04-11,4.277814868888418,5.7210333991655835
2025-04-14,4.276611393386066,5.759811135941133
2025-04-15,4.271800387411699,5.766231833685685
2025-04-16,4.1555187124145885,5.592360096322062
2025-04-17,4.141793833741258,5.591353238771823
2025-04-21,4.047037374597689,5.452985115224798
2025-04-22,4.134353216807365,5.596137068291708
2025-04-23,4.238751983945466,5.723047500775676
2025-04-24,4.322936156819097,5.884077842650196
2025-04-25,4.43971005685816,5.949672776127543
2025-04-28,4.432216400979817,5.94778429014272
2025-04-29,4.457635185363944,5.9870664219674286
2025-04-30,4.41919061458337,5.9863107956677295
2025-05-01,4.4777403492443,6.064495893383642
2025-05-02,4.51853287155073,6.1545170750768845
2025-05-05,4.475454171034745,6.118005057671583
2025-05-06,4.444131885295473,6.061097314328269
2025-05-07,4.456154288579809,6.084892392340887
2025-05-08,4.500313888259231,6.147718757437291
2025-05-09,4.535585558495102,6.1436893946882565
2025-05-12,4.731407112472467,6.393984905446703
2025-05-13,4.829363960938609,6.491434415453969
2025-05-14,4.898635162119787,6.5303381543644035
2025-05-15,4.855873467059918,6.537514091899038
2025-05-16,4.880417779543148,6.565968929844736
2025-05-19,4.856927084178655,6.5722636254544025
2025-05-20,4.842159591738199,6.550357033426608
2025-05-21,4.789297909057494,6.459327834654279
2025-05-22,4.820108160187725,6.471415149882148
2025-05-23,4.777966627546199,6.411484901340039
2025-05-27,4.908979740900705,6.562317186990743
2025-05-28,4.884602149658418,6.533232338370617
2025-05-29,4.908671878108475,6.546075279898186
2025-05-30,4.860748450038627,6.535750835029869
2025-06-02,4.879374557812767,6.5873722863522195
2025-06-03,4.894213057333816,6.63886618950122
2025-06-04,4.882536752588386,6.657373815964026
2025-06-05,4.732798682982086,6.607263617241073
2025-06-06,4.807231519944454,6.671852466187414
2025-06-09,4.853108153331049,6.68167367553542
2025-06-10,4.923272407783032,6.725864865995667
2025-06-11,4.89338044926324,6.7032014881393245
2025-06-12,4.878753241513288,6.718940159711571
2025-06-13,4.867127669363735,6.634585982011263
2025-06-16,4.9201502750711255,6.726872110055521
2025-06-17,4.866670275563978,6.661276790068558
2025-06-18,4.881050680220325,6.66014431689305
2025-06-20,4.85954458238982,6.632947954257746
2025-06-23,4.947267702963529,6.701151441134924
2025-06-24,4.957410649565387,6.803625962662592
2025-06-25,4.947934733230354,6.821019668411468
2025-06-26,4.970117496286841,6.884797620182991
2025-06-27,4.990204589889704,6.908368522618204
2025-06-30,4.973222804804038,6.953114740887335
2025-07-01,4.931332849115702,6.894502876646133
2025-07-02,4.987593855608053,6.942525923441528
2025-07-03,4.998271091719083,7.01084227112664
2025-07-07,4.924271865457164,6.958030370186349
2025-07-08,4.923251924536331,6.9619372093870435
2025-07-09,4.930229337344404,7.011220277531297
2025-07-10,4.974647332949218,7.001137014663499
2025-07-11,4.99214689659849,6.985381336668138
2025-07-14,4.999770404938071,7.010717042010986
2025-07-15,4.984983699273755,7.01714469692863
2025-07-16,5.013207256287146,7.02432836465559
2025-07-17,5.008631042013722,7.081175425989158
2025-07-18,5.048216738053181,7.074368991647624
2025-07-21,5.0613357240233015,7.111047981207129
2025-07-22,5.073554696772711,7.074242989512738
2025-07-23,5.074788516390579,7.106510358312773
2025-07-24,5.005531195304946,7.121635252614472
2025-07-25,5.036801865943032,7.138777727112809
2025-07-28,5.067427014413145,7.161087835179932
2025-07-29,5.048408695794638,7.149995782213813
2025-07-30,5.036313889368111,7.159575036542068
2025-07-31,5.004582060858896,7.121635252614472
2025-08-01,4.928831588194152,6.981348495332558
2025-08-04,4.950813854425977,7.110165193243696
2025-08-05,4.9526199074768655,7.0618901421785285
2025-08-06,5.029510893464689,7.1507525680423605
2025-08-07,5.053756075455456,7.174951935113539
2025-08-08,5.10109650039119,7.241881486295673
2025-08-11,5.1206644820133,7.220454166191985
2025-08-12,5.134769156208226,7.3112058510598725
2025-08-13,5.14390595746904,7.314861459010027
2025-08-14,5.147493390249148,7.309190589920931
2025-08-15,5.131498803138774,7.277048450236549
2025-08-18,5.143981189582854,7.274148855095709
2025-08-19,5.115697448794208,7.175455943653082
2025-08-20,5.077360024685062,7.132854080734709
2025-08-21,5.0601023334946715,7.0998306991253575
2025-08-22,5.1485337344585105,7.2093621132258665
2025-08-25,5.164464741462526,7.188564803796607
2025-08-26,5.185815461379665,7.217429341935492
2025-08-27,5.183285124766352,7.2285221679208425
2025-08-28,5.182907487844849,7.273771621710284
2025-08-29,5.14054889023342,7.189573593894926
2025-09-02,5.113633177968826,7.129324474919439
2025-09-03,5.148240944460656,7.1854139774052275
2025-09-04,5.186303213797546,7.250453496564075
2025-09-05,5.214513185935745,7.260914765836531
2025-09-08,5.20554851923316,7.296332961027946
2025-09-09,5.204939271189179,7.3170050413415515
2025-09-10,5.172605047607062,7.3193990819043835
2025-09-11,5.240462401300624,7.36200171784199
2025-09-12,5.3247362391037205,7.394521863931029
2025-09-15,5.379346333230435,7.457796580182241
2025-09-16,5.4224647809724775,7.4514933813610185
2025-09-17,5.4311789970859135,7.436620491329092
2025-09-18,5.401441530874251,7.503676044646112
2025-09-19,5.4458038093078525,7.554471911428229
2025-09-22,5.484137054971864,7.599194166101155
2025-09-23,5.440176683529163,7.548718329281263
2025-09-24,5.484005538557648,7.522217683955145
2025-09-25,5.432482334981751,7.489787208097067
2025-09-26,5.482952089390425,7.520577337143932
2025-09-29,5.494386708831071,7.555405718661003
2025-09-30,5.493303590490818,7.576101762570815
2025-10-01,5.540726101966877,7.612443715744981
2025-10-02,5.479751514163789,7.643738626350622
2025-10-03,5.456996078580996,7.6115609277815475
2025-10-06,5.52587616306157,7.668724927000412
2025-10-07,5.468352316143429,7.628343948336806
2025-10-08,5.496109672744926,7.715794841082223
2025-10-09,5.483795619722336,7.7064559957352525
2025-10-10,5.37386644377969,7.438932591853286
2025-10-13,5.45325998566649,7.5967962604421615
2025-10-14,5.425567365100742,7.546193648468151
2025-10-15,5.444465348740135,7.599445397351694
2025-10-16,5.419034674292746,7.571305178233595
2025-10-17,5.45736082293892,7.6210250022441715
2025-10-20,5.510926464073611,7.717054862431081
2025-10-21,5.509470176513047,7.715037282234443
2025-10-22,5.48949916093823,7.640710710017199
2025-10-23,5.5260150030726,7.704941651058925
2025-10-24,5.48843642584255,7.787217180043233
2025-10-27,5.549547209668395,7.925901468456322
2025-10-28,5.57858652233473,7.986851715875622
2025-10-29,5.583801816084836,8.022816435664364
2025-10-30,5.504043267019048,7.900158381977985
2025-10-31,5.601142263863588,7.938268230136715
2025-11-03,5.63574907694486,7.976251303141328
2025-11-04,5.565099633343022,7.814349382082245
2025-11-05,5.621116166704639,7.865204771345259
2025-11-06,5.566217555628933,7.71869675528076
2025-11-07,5.519418621029069,7.694342011343864
2025-11-10,5.569911459215124,7.864573214632365
2025-11-11,5.551396551515942,7.843625166452782
2025-11-12,5.516950136135701,7.837441785612586
2025-11-13,5.43350460893485,7.67743298865372
2025-11-14,5.440229423233054,7.683236817050794
2025-11-17,5.450316378429665,7.617618306486858
2025-11-18,5.425924774768716,7.5248675938839105
2025-11-19,5.430684710648954,7.569792379595732
2025-11-20,5.4044963813052265,7.390601110384151
2025-11-21,5.394627077532861,7.4461247627918015
2025-11-24,5.481175663947665,7.636546455412105
2025-11-25,5.496200037505594,7.683615596474684
2025-11-26,5.516081896370768,7.7515060105627285
2025-11-28,5.532962414130317,7.814349382082245
2025-12-01,5.529734061286119,7.788100741025899
2025-12-02,5.529860122002044,7.84905176146443
2025-12-03,5.577813633773478,7.868232687678682
2025-12-04,5.61036800914942,7.860913741586048
2025-12-05,5.617019187298562,7.892965438020236
2025-12-08,5.568897567187793,7.877823537295424
2025-12-09,5.5809133766770325,7.887539616027819
2025-12-10,5.596286131999626,7.919844089751011
2025-12-11,5.584068366724332,7.894227778426792
2025-12-12,5.615675538481112,7.74330427650666
2025-12-15,5.665275108905628,7.7044368695001495
2025-12-16,5.712248978891904,7.719705545379079
2025-12-17,5.7088529776655,7.5766057711103585
2025-12-18,5.715489639269014,7.686392281557568
2025-12-19,5.712968139437436,7.786586396349572
2025-12-22,5.714180031493933,7.823911629987387
2025-12-23,5.715707138172632,7.860553514623736
2025-12-24,5.716865802305755,7.883550836788488
2025-12-26,5.7149746502888155,7.883044509191247
2025-12-29,5.7129326360596835,7.844885960820873
2025-12-30,5.716155517604661,7.826690634127968
2025-12-31,5.71355413517314,7.761998200604482
2026-01-02,5.709256950732084,7.746962976533745
2026-01-05,5.712977015281874,7.8084960804542956
2026-01-06,5.713789412908889,7.8771061754477305
2026-01-07,5.708493410964362,7.8846879480793906
2026-01-08,5.707325870986801,7.839831961079255
2026-01-09,5.710433312267573,7.917918498843032
2026-01-12,5.705510231505723,7.924488389299443
2026-01-13,5.700680360682103,7.912737723947295
2026-01-14,5.693768466471241,7.828207297861993
2026-01-15,5.69611236798429,7.856384621903249
2026-01-16,5.695868214404103,7.849813958427606
2026-01-20,5.688707742262462,7.683028101858039
2026-01-21,5.692632032664096,7.786890192907916
2026-01-22,5.708022828349609,7.843496072240966
2026-01-23,5.712963715086844,7.868261289390282
2026-01-26,5.7190010536163705,7.902882501753063
2026-01-27,5.719271834729872,7.974524378176082
2026-01-28,5.717389612843881,8.00093226119431
2026-01-29,5.7482777957779305,7.9530444927645885
2026-01-30,5.738595823804711,7.857521733194151
2026-02-02,5.729502165779579,7.911474610521506
2026-02-03,5.714863415282609,7.789922747356734
2026-02-04,5.706769098090033,7.653840441679999
2026-02-05,5.693627343937001,7.543661237462715
2026-02-06,5.6947242526203645,7.703118098689626
2026-02-09,5.710029139062585,7.7621249757586
2026-02-10,5.706923584398041,7.726113874815913
2026-02-11,5.70008763560552,7.746836201379627
2026-02-12,5.6900193013395866,7.5892740102913985
2026-02-13,5.684061033995326,7.60544711867227
2026-02-17,5.684237674763815,7.597612568751606
2026-02-18,5.692997706423214,7.654345223238774
2026-02-19,5.693636311250822,7.625031560925849
2026-02-20,5.705127237749489,7.692504544628381
2026-02-23,5.681527728676113,7.599002457331513
2026-02-24,5.690154815699853,7.680627104122116
2026-02-25,5.707260505181848,7.791944192649534
2026-02-26,5.705605917140851,7.697937323793889
2026-02-27,5.698649023174362,7.67329810877946
2026-03-02,5.702625586447774,7.683406881281929
2026-03-03,5.707380714407269,7.601151450797664
2026-03-04,5.72537628808957,7.717016984488692
2026-03-05,5.728882110990396,7.693766885034937
2026-03-06,5.712591217466513,7.578028126498027
2026-03-09,5.714414239393253,7.679237215542209
2026-03-10,5.716137440182249,7.679363990696327
2026-03-11,5.713505363924301,7.67835288154031
2026-03-12,5.699635205953832,7.546567016757415
2026-03-13,5.681903942172735,7.5018370318921646
2026-03-16,5.700150191266842,7.585988678553576
2026-03-17,5.70528701805765,7.623010115633048
2026-03-18,5.684782696035384,7.51674779986648
2026-03-19,5.668296193454998,7.492992918853949
2026-03-20,5.643930333380771,7.354509615441291
2026-03-23,5.665466202654464,7.438931818834053
2026-03-24,5.651108979082673,7.388073337494109
2026-03-25,5.65805133678384,7.436654504175318
2026-03-26,5.613787103623942,7.259156920101988
2026-03-27,5.560630329964358,7.117337265682169
2026-03-30,5.570642028797149,7.062936810219237
2026-03-31,5.673051023527847,7.30204480013636
2026-04-01,5.701127680751972,7.392248414368456
2026-04-02,5.687369669404109,7.400724570252036
2026-04-06,5.6885246184246805,7.4452574352130165
2026-04-07,5.692861044535933,7.4463960925423835
2026-04-08,5.75845549026517,7.667792665806103
2026-04-09,5.795607876942858,7.719663029321296
2026-04-10,5.809729379635764,7.730796052306733
2026-04-13,5.843398495925063,7.810751750574522
2026-04-14,5.928087209299678,7.952571404994342
2026-04-15,5.990275666298917,8.063903180887177
2026-04-16,6.005736253514291,8.102741986182089
2026-04-17,6.04161082865116,8.208759254851977
2026-04-20,6.005174618204347,8.182697684449877
2026-04-21,6.00091328207883,8.151575930152301
2026-04-22,6.039137862639782,8.287956621252754
2026-04-23,5.984473802522444,8.241273216787157
2026-04-24,6.03433301678996,8.398908071683232
2026-04-27,6.0397748797425,8.403335925846584
2026-04-28,6.037202802811947,8.318825598261325
2026-04-29,6.02590749030053,8.369683306582036
2026-04-30,5.9537810760036205,8.447741242634214
2026-05-01,5.9669309060403375,8.528836371250604
2026-05-04,5.96857705484579,8.512769166504574
2026-05-05,5.957886303814487,8.623214289337813
2026-05-06,5.975942728118331,8.80235608531852
2026-05-07,5.998901633879072,8.791855392065209
2026-05-08,5.995997765735286,8.997943865469145
2026-05-11,5.994274060977798,9.024005435871242
2026-05-12,5.982872893557582,8.947465709591555
2026-05-13,6.000848274052766,9.041971175852115
2026-05-14,6.007159535346688,9.106238448797766
2026-05-15,6.00566206267995,8.968846648541298
2026-05-18,5.996186758037492,8.930259847516158
2026-05-19,5.974957337058937,8.875227835340333
2026-05-20,5.992043669698943,9.02223522182898
2026-05-21,5.993176939800032,9.039440310885144
2026-05-22,6.001115569071548,9.077773561602047
2026-05-26,6.004979776462854,9.238951163640344
2026-05-27,6.027026278506895,9.228450470387035
2026-05-28,6.048788817144075,9.306254856130975
2026-05-29,6.074781772874102,9.34053980512765
2026-06-01,6.044357575536733,9.396585245517189
2026-06-02,6.019887437873616,9.439851904975452
2026-06-03,6.024146880466839,9.415182542210957
2026-06-04,6.0257415403325885,9.369637795074727
2026-06-05,5.956457969403905,8.919885929416967
2026-06-08,5.955163783424505,9.05917626490828
2026-06-09,5.933579933502666,8.954929983299886
2026-06-10,5.900948941421114,8.776041737627416
2026-06-11,5.9012260386778355,9.072459827398333
2026-06-12,5.905697092741666,9.125848400686015
2026-06-15,5.947904164381028,9.4125256751091
2026-06-16,5.941160347387909,9.233636656417398
2026-06-17,5.882565410413262,9.14065017294856
2026-06-18,5.895483990226523,9.369764570228845
2026-06-22,5.868749733278206,9.346245460082205
2026-06-23,5.859581521819012,9.038482540056165
2026-06-24,5.838705068816968,9.000106773281479
2026-06-25,5.806177017971716,9.073058144284232
2026-06-26,5.84536906189108,8.948179979362319
2026-06-29,5.874241741417652,9.17057993158973
2026-06-30,5.887625496933927,9.32661463667468
2026-07-01,5.954662156308074,9.184384509042442
2026-07-02,5.9116650051033,9.025183517181464
2026-07-06,5.9420749458167155,9.154621722555474
2026-07-07,5.9474708639382445,8.985035217306818
2026-07-08,5.921254382844292,9.010492286669157
2026-07-09,5.93009314723604,9.144236209167795
